Workbook

Sheet Instructions for Use
A1: Instructions for using Cq output template
A2: 1. Analyse QuantstudioTM 5 runfile using Design and Analysis v2.6.0 as per package insert instructions.
A3: 2. To export data click the Actions button in the right hand corner of DA2 software. Select Export to save file in location of choice in a .xlsx format.
A4: 3. Open the results .xlsx generated. | Q4: Figure 1. Region of data to select to paste into data input tab
A5: 4. Select all data points from the first well - excluding the headers, as seen in Figure 1. Copy into the second tab of this workbook labelled Data input. | P5: #VALUE!
A6: 5. In the Results Summary tab are the cqs for each channel as well as the VITA indices for NG and CT which are used to assess viability.
A8: NOTE: The analysis in this sheet is automated and changing any of the cells in the sheets other than 'Data Input' may break formulae.
A9: Please contact insignia@speedx.com.au for assistance.

Sheet Data Input
A1: Reporters | B1: Enter all Reporters
A2: FAM
A3: VIC
A4: ATTO101
A5: CY5
A6: CY5.5
A9: Well | B9: Well Position | C9: Omit | D9: Sample | E9: Target | F9: Task | G9: Reporter | H9: Quencher | I9: Amp Status | J9: Amp Score | K9: Curve Quality | L9: Result Quality Issues | M9: Cq | N9: Cq Confidence | O9: Cq Mean | P9: Cq SD | Q9: Auto Threshold | R9: Threshold | S9: Auto Baseline | T9: Baseline Start | U9: Baseline End
A10: 1 | B10: A1 | C10: FALSE | D10: OM3-001_0 min | E10: NG GAT | F10: UNKNOWN | G10: VIC | H10: None | I10: Amp | J10: 2.7615652 | M10: 29.146242 | N10: 0.94831963 | O10: 29.146242 | Q10: FALSE | R10: 74142.9 | S10: TRUE | T10: 3 | U10: 19
A11: 1 | B11: A1 | C11: FALSE | D11: OM3-001_0 min | E11: NG NED | F11: UNKNOWN | G11: CY5 | H11: None | I11: Amp | J11: 2.6560833 | M11: 32.168683 | N11: 0.90271863 | O11: 32.168683 | Q11: FALSE | R11: 46910.863 | S11: TRUE | T11: 3 | U11: 24
A12: 1 | B12: A1 | C12: FALSE | D12: OM3-001_0 min | E12: CT NED | F12: UNKNOWN | G12: ATTO101 | H12: None | I12: No Amp | J12: 0 | M12: Undetermined | N12: 0 | Q12: FALSE | R12: 69932.437 | S12: TRUE | T12: 3 | U12: 49
A13: 1 | B13: A1 | C13: FALSE | D13: OM3-001_0 min | E13: EC | F13: UNKNOWN | G13: CY5.5 | H13: None | I13: Amp | J13: 2.5599366 | M13: 25.555588 | N13: 0.8950969 | O13: 25.555588 | Q13: FALSE | R13: 47660.913 | S13: TRUE | T13: 3 | U13: 17
A14: 1 | B14: A1 | C14: FALSE | D14: OM3-001_0 min | E14: CT GAT | F14: UNKNOWN | G14: FAM | H14: None | I14: Inconclusive | J14: 0 | M14: Undetermined | N14: 0 | Q14: FALSE | R14: 161088.07 | S14: TRUE | T14: 3 | U14: 49
A15: 2 | B15: A2 | C15: FALSE | D15: OM3-001_5 min | E15: NG GAT | F15: UNKNOWN | G15: VIC | H15: None | I15: Amp | J15: 2.7429426 | M15: 29.199535 | N15: 0.97956713 | O15: 29.199535 | Q15: FALSE | R15: 74142.9 | S15: TRUE | T15: 3 | U15: 21
A16: 2 | B16: A2 | C16: FALSE | D16: OM3-001_5 min | E16: NG NED | F16: UNKNOWN | G16: CY5 | H16: None | I16: Amp | J16: 2.6533128 | M16: 32.394623 | N16: 0.93205005 | O16: 32.394623 | Q16: FALSE | R16: 46910.863 | S16: TRUE | T16: 3 | U16: 25
A17: 2 | B17: A2 | C17: FALSE | D17: OM3-001_5 min | E17: CT NED | F17: UNKNOWN | G17: ATTO101 | H17: None | I17: No Amp | J17: 0 | M17: Undetermined | N17: 0 | Q17: FALSE | R17: 69932.437 | S17: TRUE | T17: 3 | U17: 49
A18: 2 | B18: A2 | C18: FALSE | D18: OM3-001_5 min | E18: EC | F18: UNKNOWN | G18: CY5.5 | H18: None | I18: Amp | J18: 2.5671184 | M18: 26.303907 | N18: 0.92983661 | O18: 26.303907 | Q18: FALSE | R18: 47660.913 | S18: TRUE | T18: 3 | U18: 17
A19: 2 | B19: A2 | C19: FALSE | D19: OM3-001_5 min | E19: CT GAT | F19: UNKNOWN | G19: FAM | H19: None | I19: No Amp | J19: 2.1315131 | M19: Undetermined | N19: 0 | Q19: FALSE | R19: 161088.07 | S19: TRUE | T19: 3 | U19: 49
A20: 3 | B20: A3 | C20: FALSE | D20: OM3-001_30 min | E20: NG GAT | F20: UNKNOWN | G20: VIC | H20: None | I20: Amp | J20: 2.7554183 | M20: 30.558692 | N20: 0.95666818 | O20: 30.558692 | Q20: FALSE | R20: 74142.9 | S20: TRUE | T20: 3 | U20: 20
A21: 3 | B21: A3 | C21: FALSE | D21: OM3-001_30 min | E21: NG NED | F21: UNKNOWN | G21: CY5 | H21: None | I21: Amp | J21: 2.690759 | M21: 33.338086 | N21: 0.89359767 | O21: 33.338086 | Q21: FALSE | R21: 46910.863 | S21: TRUE | T21: 3 | U21: 25
A22: 3 | B22: A3 | C22: FALSE | D22: OM3-001_30 min | E22: CT NED | F22: UNKNOWN | G22: ATTO101 | H22: None | I22: No Amp | J22: 0 | M22: Undetermined | N22: 0 | Q22: FALSE | R22: 69932.437 | S22: TRUE | T22: 3 | U22: 49
A23: 3 | B23: A3 | C23: FALSE | D23: OM3-001_30 min | E23: EC | F23: UNKNOWN | G23: CY5.5 | H23: None | I23: Amp | J23: 2.6132451 | M23: 28.071379 | N23: 0.9504129 | O23: 28.071379 | Q23: FALSE | R23: 47660.913 | S23: TRUE | T23: 3 | U23: 20
A24: 3 | B24: A3 | C24: FALSE | D24: OM3-001_30 min | E24: CT GAT | F24: UNKNOWN | G24: FAM | H24: None | I24: No Amp | J24: 0 | M24: Undetermined | N24: 0 | Q24: FALSE | R24: 161088.07 | S24: TRUE | T24: 3 | U24: 49
A25: 4 | B25: A4 | C25: FALSE | D25: OM3-001_60 min | E25: NG GAT | F25: UNKNOWN | G25: VIC | H25: None | I25: Amp | J25: 2.7452249 | M25: 31.510965 | N25: 0.96804567 | O25: 31.510965 | Q25: FALSE | R25: 74142.9 | S25: TRUE | T25: 3 | U25: 22
A26: 4 | B26: A4 | C26: FALSE | D26: OM3-001_60 min | E26: NG NED | F26: UNKNOWN | G26: CY5 | H26: None | I26: Amp | J26: 2.5916022 | M26: 34.716424 | N26: 0.88279332 | O26: 34.716424 | Q26: FALSE | R26: 46910.863 | S26: TRUE | T26: 3 | U26: 25
A27: 4 | B27: A4 | C27: FALSE | D27: OM3-001_60 min | E27: CT NED | F27: UNKNOWN | G27: ATTO101 | H27: None | I27: No Amp | J27: 1.8979552 | M27: Undetermined | N27: 0 | Q27: FALSE | R27: 69932.437 | S27: TRUE | T27: 3 | U27: 49
A28: 4 | B28: A4 | C28: FALSE | D28: OM3-001_60 min | E28: EC | F28: UNKNOWN | G28: CY5.5 | H28: None | I28: Amp | J28: 2.6242765 | M28: 26.329329 | N28: 0.93585569 | O28: 26.329329 | Q28: FALSE | R28: 47660.913 | S28: TRUE | T28: 3 | U28: 17
A29: 4 | B29: A4 | C29: FALSE | D29: OM3-001_60 min | E29: CT GAT | F29: UNKNOWN | G29: FAM | H29: None | I29: Inconclusive | J29: 0 | M29: Undetermined | N29: 0 | Q29: FALSE | R29: 161088.07 | S29: TRUE | T29: 3 | U29: 49
A30: 5 | B30: A5 | C30: FALSE | D30: OM3-001_120 min | E30: NG GAT | F30: UNKNOWN | G30: VIC | H30: None | I30: Amp | J30: 2.7787915 | M30: 28.133257 | N30: 0.95545381 | O30: 28.133257 | Q30: FALSE | R30: 74142.9 | S30: TRUE | T30: 3 | U30: 19
A31: 5 | B31: A5 | C31: FALSE | D31: OM3-001_120 min | E31: NG NED | F31: UNKNOWN | G31: CY5 | H31: None | I31: Amp | J31: 2.7241364 | M31: 31.208038 | N31: 0.93521969 | O31: 31.208038 | Q31: FALSE | R31: 46910.863 | S31: TRUE | T31: 3 | U31: 25
A32: 5 | B32: A5 | C32: FALSE | D32: OM3-001_120 min | E32: CT NED | F32: UNKNOWN | G32: ATTO101 | H32: None | I32: Inconclusive | J32: 0 | M32: Undetermined | N32: 0 | Q32: FALSE | R32: 69932.437 | S32: TRUE | T32: 3 | U32: 49
A33: 5 | B33: A5 | C33: FALSE | D33: OM3-001_120 min | E33: EC | F33: UNKNOWN | G33: CY5.5 | H33: None | I33: Amp | J33: 2.655161 | M33: 27.051462 | N33: 0.91877235 | O33: 27.051462 | Q33: FALSE | R33: 47660.913 | S33: TRUE | T33: 3 | U33: 19
A34: 5 | B34: A5 | C34: FALSE | D34: OM3-001_120 min | E34: CT GAT | F34: UNKNOWN | G34: FAM | H34: None | I34: Inconclusive | J34: 0 | M34: Undetermined | N34: 0 | Q34: FALSE | R34: 161088.07 | S34: TRUE | T34: 3 | U34: 49
A35: 6 | B35: A6 | C35: FALSE | D35: OM3-009_0 min | E35: NG GAT | F35: UNKNOWN | G35: VIC | H35: None | I35: Amp | J35: 2.3281551 | M35: 38.616128 | N35: 0.65959008 | O35: 38.616128 | Q35: FALSE | R35: 74142.9 | S35: TRUE | T35: 3 | U35: 23
A36: 6 | B36: A6 | C36: FALSE | D36: OM3-009_0 min | E36: NG NED | F36: UNKNOWN | G36: CY5 | H36: None | I36: Amp | J36: 2.349127 | M36: 36.908336 | N36: 0.67747465 | O36: 36.908336 | Q36: FALSE | R36: 46910.863 | S36: TRUE | T36: 3 | U36: 28
A37: 6 | B37: A6 | C37: FALSE | D37: OM3-009_0 min | E37: CT NED | F37: UNKNOWN | G37: ATTO101 | H37: None | I37: Inconclusive | J37: 0 | M37: Undetermined | N37: 0 | Q37: FALSE | R37: 69932.437 | S37: TRUE | T37: 3 | U37: 49
A38: 6 | B38: A6 | C38: FALSE | D38: OM3-009_0 min | E38: EC | F38: UNKNOWN | G38: CY5.5 | H38: None | I38: Amp | J38: 2.6486269 | M38: 23.08984 | N38: 0.95373459 | O38: 23.08984 | Q38: FALSE | R38: 47660.913 | S38: TRUE | T38: 3 | U38: 13
A39: 6 | B39: A6 | C39: FALSE | D39: OM3-009_0 min | E39: CT GAT | F39: UNKNOWN | G39: FAM | H39: None | I39: No Amp | J39: 0 | M39: Undetermined | N39: 0 | Q39: FALSE | R39: 161088.07 | S39: TRUE | T39: 3 | U39: 49
A40: 7 | B40: A7 | C40: FALSE | D40: OM3-009_5 min | E40: NG GAT | F40: UNKNOWN | G40: VIC | H40: None | I40: Amp | J40: 2.3740157 | M40: 38.389233 | N40: 0.80027979 | O40: 38.389233 | Q40: FALSE | R40: 74142.9 | S40: TRUE | T40: 3 | U40: 24
A41: 7 | B41: A7 | C41: FALSE | D41: OM3-009_5 min | E41: NG NED | F41: UNKNOWN | G41: CY5 | H41: None | I41: Amp | J41: 2.2910637 | M41: 40.160181 | N41: 0.63216151 | O41: 40.160181 | Q41: FALSE | R41: 46910.863 | S41: TRUE | T41: 3 | U41: 32
A42: 7 | B42: A7 | C42: FALSE | D42: OM3-009_5 min | E42: CT NED | F42: UNKNOWN | G42: ATTO101 | H42: None | I42: Inconclusive | J42: 0 | M42: Undetermined | N42: 0 | Q42: FALSE | R42: 69932.437 | S42: TRUE | T42: 3 | U42: 49
A43: 7 | B43: A7 | C43: FALSE | D43: OM3-009_5 min | E43: EC | F43: UNKNOWN | G43: CY5.5 | H43: None | I43: Amp | J43: 2.6646332 | M43: 25.275917 | N43: 0.94866343 | O43: 25.275917 | Q43: FALSE | R43: 47660.913 | S43: TRUE | T43: 3 | U43: 16
A44: 7 | B44: A7 | C44: FALSE | D44: OM3-009_5 min | E44: CT GAT | F44: UNKNOWN | G44: FAM | H44: None | I44: No Amp | J44: 0 | M44: Undetermined | N44: 0 | Q44: FALSE | R44: 161088.07 | S44: TRUE | T44: 3 | U44: 49
A45: 8 | B45: A8 | C45: FALSE | D45: OM3-009_30 min | E45: NG GAT | F45: UNKNOWN | G45: VIC | H45: None | I45: Amp | J45: 2.6675812 | M45: 32.119947 | N45: 0.94489831 | O45: 32.119947 | Q45: FALSE | R45: 74142.9 | S45: TRUE | T45: 3 | U45: 21
A46: 8 | B46: A8 | C46: FALSE | D46: OM3-009_30 min | E46: NG NED | F46: UNKNOWN | G46: CY5 | H46: None | I46: Amp | J46: 2.6315225 | M46: 33.282399 | N46: 0.92693865 | O46: 33.282399 | Q46: FALSE | R46: 46910.863 | S46: TRUE | T46: 3 | U46: 25
A47: 8 | B47: A8 | C47: FALSE | D47: OM3-009_30 min | E47: CT NED | F47: UNKNOWN | G47: ATTO101 | H47: None | I47: No Amp | J47: 0 | M47: Undetermined | N47: 0 | Q47: FALSE | R47: 69932.437 | S47: TRUE | T47: 3 | U47: 49
A48: 8 | B48: A8 | C48: FALSE | D48: OM3-009_30 min | E48: EC | F48: UNKNOWN | G48: CY5.5 | H48: None | I48: Amp | J48: 2.6439083 | M48: 25.029158 | N48: 0.94082051 | O48: 25.029158 | Q48: FALSE | R48: 47660.913 | S48: TRUE | T48: 3 | U48: 16
A49: 8 | B49: A8 | C49: FALSE | D49: OM3-009_30 min | E49: CT GAT | F49: UNKNOWN | G49: FAM | H49: None | I49: No Amp | J49: 0 | M49: Undetermined | N49: 0 | Q49: FALSE | R49: 161088.07 | S49: TRUE | T49: 3 | U49: 49
A50: 9 | B50: A9 | C50: FALSE | D50: OM3-009_60 min | E50: NG GAT | F50: UNKNOWN | G50: VIC | H50: None | I50: Amp | J50: 2.4222099 | M50: 37.311378 | N50: 0.60636079 | O50: 37.311378 | Q50: FALSE | R50: 74142.9 | S50: TRUE | T50: 3 | U50: 24
A51: 9 | B51: A9 | C51: FALSE | D51: OM3-009_60 min | E51: NG NED | F51: UNKNOWN | G51: CY5 | H51: None | I51: Amp | J51: 2.4438753 | M51: 35.827766 | N51: 0.64889502 | O51: 35.827766 | Q51: FALSE | R51: 46910.863 | S51: TRUE | T51: 3 | U51: 24
A52: 9 | B52: A9 | C52: FALSE | D52: OM3-009_60 min | E52: CT NED | F52: UNKNOWN | G52: ATTO101 | H52: None | I52: No Amp | J52: 0 | M52: Undetermined | N52: 0 | Q52: FALSE | R52: 69932.437 | S52: TRUE | T52: 3 | U52: 49
A53: 9 | B53: A9 | C53: FALSE | D53: OM3-009_60 min | E53: EC | F53: UNKNOWN | G53: CY5.5 | H53: None | I53: Amp | J53: 2.6375811 | M53: 24.559491 | N53: 0.7948601 | O53: 24.559491 | Q53: FALSE | R53: 47660.913 | S53: TRUE | T53: 3 | U53: 17
A54: 9 | B54: A9 | C54: FALSE | D54: OM3-009_60 min | E54: CT GAT | F54: UNKNOWN | G54: FAM | H54: None | I54: No Amp | J54: 0 | M54: Undetermined | N54: 0 | Q54: FALSE | R54: 161088.07 | S54: TRUE | T54: 3 | U54: 49
A55: 10 | B55: A10 | C55: FALSE | D55: OM3-009_120 min | E55: NG GAT | F55: UNKNOWN | G55: VIC | H55: None | I55: Amp | J55: 2.733774 | M55: 29.241216 | N55: 0.95226527 | O55: 29.241216 | Q55: FALSE | R55: 74142.9 | S55: TRUE | T55: 3 | U55: 22
A56: 10 | B56: A10 | C56: FALSE | D56: OM3-009_120 min | E56: NG NED | F56: UNKNOWN | G56: CY5 | H56: None | I56: Amp | J56: 2.6939466 | M56: 30.974218 | N56: 0.90815154 | O56: 30.974218 | Q56: FALSE | R56: 46910.863 | S56: TRUE | T56: 3 | U56: 24
A57: 10 | B57: A10 | C57: FALSE | D57: OM3-009_120 min | E57: CT NED | F57: UNKNOWN | G57: ATTO101 | H57: None | I57: No Amp | J57: 0 | M57: Undetermined | N57: 0 | Q57: FALSE | R57: 69932.437 | S57: TRUE | T57: 3 | U57: 49
A58: 10 | B58: A10 | C58: FALSE | D58: OM3-009_120 min | E58: EC | F58: UNKNOWN | G58: CY5.5 | H58: None | I58: Amp | J58: 2.621313 | M58: 24.508035 | N58: 0.89051772 | O58: 24.508035 | Q58: FALSE | R58: 47660.913 | S58: TRUE | T58: 3 | U58: 16
A59: 10 | B59: A10 | C59: FALSE | D59: OM3-009_120 min | E59: CT GAT | F59: UNKNOWN | G59: FAM | H59: None | I59: No Amp | J59: 0 | M59: Undetermined | N59: 0 | Q59: FALSE | R59: 161088.07 | S59: TRUE | T59: 3 | U59: 49
A60: 12 | B60: A12 | C60: FALSE | D60: NEG | E60: NG GAT | F60: UNKNOWN | G60: VIC | H60: None | I60: No Amp | J60: 0 | M60: Undetermined | N60: 0 | Q60: FALSE | R60: 74142.9 | S60: TRUE | T60: 3 | U60: 49
A61: 12 | B61: A12 | C61: FALSE | D61: NEG | E61: NG NED | F61: UNKNOWN | G61: CY5 | H61: None | I61: No Amp | J61: 2.0244114 | M61: Undetermined | N61: 0 | Q61: FALSE | R61: 46910.863 | S61: TRUE | T61: 3 | U61: 49
A62: 12 | B62: A12 | C62: FALSE | D62: NEG | E62: CT NED | F62: UNKNOWN | G62: ATTO101 | H62: None | I62: No Amp | J62: 0 | M62: Undetermined | N62: 0 | Q62: FALSE | R62: 69932.437 | S62: TRUE | T62: 3 | U62: 49
A63: 12 | B63: A12 | C63: FALSE | D63: NEG | E63: EC | F63: UNKNOWN | G63: CY5.5 | H63: None | I63: No Amp | J63: 1.8472484 | M63: Undetermined | N63: 0 | Q63: FALSE | R63: 47660.913 | S63: TRUE | T63: 3 | U63: 49
A64: 12 | B64: A12 | C64: FALSE | D64: NEG | E64: CT GAT | F64: UNKNOWN | G64: FAM | H64: None | I64: Inconclusive | J64: 0 | M64: Undetermined | N64: 0 | Q64: FALSE | R64: 161088.07 | S64: TRUE | T64: 3 | U64: 49
A65: 13 | B65: B1 | C65: FALSE | D65: OM3-002_0 min | E65: NG GAT | F65: UNKNOWN | G65: VIC | H65: None | I65: Amp | J65: 2.6913833 | M65: 28.73213 | N65: 0.95693972 | O65: 28.73213 | Q65: FALSE | R65: 74142.9 | S65: TRUE | T65: 3 | U65: 19
A66: 13 | B66: B1 | C66: FALSE | D66: OM3-002_0 min | E66: NG NED | F66: UNKNOWN | G66: CY5 | H66: None | I66: Amp | J66: 2.6535979 | M66: 29.94156 | N66: 0.92943254 | O66: 29.94156 | Q66: FALSE | R66: 46910.863 | S66: TRUE | T66: 3 | U66: 24
A67: 13 | B67: B1 | C67: FALSE | D67: OM3-002_0 min | E67: CT NED | F67: UNKNOWN | G67: ATTO101 | H67: None | I67: No Amp | J67: 0 | M67: Undetermined | N67: 0 | Q67: FALSE | R67: 69932.437 | S67: TRUE | T67: 3 | U67: 49
A68: 13 | B68: B1 | C68: FALSE | D68: OM3-002_0 min | E68: EC | F68: UNKNOWN | G68: CY5.5 | H68: None | I68: Amp | J68: 2.556447 | M68: 23.940914 | N68: 0.91168525 | O68: 23.940914 | Q68: FALSE | R68: 47660.913 | S68: TRUE | T68: 3 | U68: 13
A69: 13 | B69: B1 | C69: FALSE | D69: OM3-002_0 min | E69: CT GAT | F69: UNKNOWN | G69: FAM | H69: None | I69: Inconclusive | J69: 2.0959193 | M69: Undetermined | N69: 0 | Q69: FALSE | R69: 161088.07 | S69: TRUE | T69: 3 | U69: 49
A70: 14 | B70: B2 | C70: FALSE | D70: OM3-002_5 min | E70: NG GAT | F70: UNKNOWN | G70: VIC | H70: None | I70: Amp | J70: 2.7298769 | M70: 28.241612 | N70: 0.9763467 | O70: 28.241612 | Q70: FALSE | R70: 74142.9 | S70: TRUE | T70: 3 | U70: 19
A71: 14 | B71: B2 | C71: FALSE | D71: OM3-002_5 min | E71: NG NED | F71: UNKNOWN | G71: CY5 | H71: None | I71: Amp | J71: 2.6696334 | M71: 30.298672 | N71: 0.90701595 | O71: 30.298672 | Q71: FALSE | R71: 46910.863 | S71: TRUE | T71: 3 | U71: 23
A72: 14 | B72: B2 | C72: FALSE | D72: OM3-002_5 min | E72: CT NED | F72: UNKNOWN | G72: ATTO101 | H72: None | I72: No Amp | J72: 0 | M72: Undetermined | N72: 0 | Q72: FALSE | R72: 69932.437 | S72: TRUE | T72: 3 | U72: 49
A73: 14 | B73: B2 | C73: FALSE | D73: OM3-002_5 min | E73: EC | F73: UNKNOWN | G73: CY5.5 | H73: None | I73: Amp | J73: 2.5742413 | M73: 25.702258 | N73: 0.95693747 | O73: 25.702258 | Q73: FALSE | R73: 47660.913 | S73: TRUE | T73: 3 | U73: 18
A74: 14 | B74: B2 | C74: FALSE | D74: OM3-002_5 min | E74: CT GAT | F74: UNKNOWN | G74: FAM | H74: None | I74: No Amp | J74: 0 | M74: Undetermined | N74: 0 | Q74: FALSE | R74: 161088.07 | S74: TRUE | T74: 3 | U74: 49
A75: 15 | B75: B3 | C75: FALSE | D75: OM3-002_30 min | E75: NG GAT | F75: UNKNOWN | G75: VIC | H75: None | I75: Amp | J75: 2.7553283 | M75: 28.000809 | N75: 0.97190234 | O75: 28.000809 | Q75: FALSE | R75: 74142.9 | S75: TRUE | T75: 3 | U75: 20
A76: 15 | B76: B3 | C76: FALSE | D76: OM3-002_30 min | E76: NG NED | F76: UNKNOWN | G76: CY5 | H76: None | I76: Amp | J76: 2.6893153 | M76: 30.577444 | N76: 0.95762681 | O76: 30.577444 | Q76: FALSE | R76: 46910.863 | S76: TRUE | T76: 3 | U76: 22
A77: 15 | B77: B3 | C77: FALSE | D77: OM3-002_30 min | E77: CT NED | F77: UNKNOWN | G77: ATTO101 | H77: None | I77: No Amp | J77: 0 | M77: Undetermined | N77: 0 | Q77: FALSE | R77: 69932.437 | S77: TRUE | T77: 3 | U77: 49
A78: 15 | B78: B3 | C78: FALSE | D78: OM3-002_30 min | E78: EC | F78: UNKNOWN | G78: CY5.5 | H78: None | I78: Amp | J78: 2.6217362 | M78: 24.459486 | N78: 0.95307267 | O78: 24.459486 | Q78: FALSE | R78: 47660.913 | S78: TRUE | T78: 3 | U78: 16
A79: 15 | B79: B3 | C79: FALSE | D79: OM3-002_30 min | E79: CT GAT | F79: UNKNOWN | G79: FAM | H79: None | I79: No Amp | J79: 0 | M79: Undetermined | N79: 0 | Q79: FALSE | R79: 161088.07 | S79: TRUE | T79: 3 | U79: 49
A80: 16 | B80: B4 | C80: FALSE | D80: OM3-002_60 min | E80: NG GAT | F80: UNKNOWN | G80: VIC | H80: None | I80: Amp | J80: 2.7533215 | M80: 28.058144 | N80: 0.96788049 | O80: 28.058144 | Q80: FALSE | R80: 74142.9 | S80: TRUE | T80: 3 | U80: 19
A81: 16 | B81: B4 | C81: FALSE | D81: OM3-002_60 min | E81: NG NED | F81: UNKNOWN | G81: CY5 | H81: None | I81: Amp | J81: 2.6940725 | M81: 30.281649 | N81: 0.96355804 | O81: 30.281649 | Q81: FALSE | R81: 46910.863 | S81: TRUE | T81: 3 | U81: 23
A82: 16 | B82: B4 | C82: FALSE | D82: OM3-002_60 min | E82: CT NED | F82: UNKNOWN | G82: ATTO101 | H82: None | I82: Inconclusive | J82: 1.905955 | M82: Undetermined | N82: 0 | Q82: FALSE | R82: 69932.437 | S82: TRUE | T82: 3 | U82: 49
A83: 16 | B83: B4 | C83: FALSE | D83: OM3-002_60 min | E83: EC | F83: UNKNOWN | G83: CY5.5 | H83: None | I83: Amp | J83: 2.635303 | M83: 24.504309 | N83: 0.96622098 | O83: 24.504309 | Q83: FALSE | R83: 47660.913 | S83: TRUE | T83: 3 | U83: 16
A84: 16 | B84: B4 | C84: FALSE | D84: OM3-002_60 min | E84: CT GAT | F84: UNKNOWN | G84: FAM | H84: None | I84: Inconclusive | J84: 0 | M84: Undetermined | N84: 0 | Q84: FALSE | R84: 161088.07 | S84: TRUE | T84: 3 | U84: 49
A85: 17 | B85: B5 | C85: FALSE | D85: OM3-002_120 min | E85: NG GAT | F85: UNKNOWN | G85: VIC | H85: None | I85: Amp | J85: 2.7536086 | M85: 28.187706 | N85: 0.97188434 | O85: 28.187706 | Q85: FALSE | R85: 74142.9 | S85: TRUE | T85: 3 | U85: 19
A86: 17 | B86: B5 | C86: FALSE | D86: OM3-002_120 min | E86: NG NED | F86: UNKNOWN | G86: CY5 | H86: None | I86: Amp | J86: 2.7015932 | M86: 30.731935 | N86: 0.88216841 | O86: 30.731935 | Q86: FALSE | R86: 46910.863 | S86: TRUE | T86: 3 | U86: 26
A87: 17 | B87: B5 | C87: FALSE | D87: OM3-002_120 min | E87: CT NED | F87: UNKNOWN | G87: ATTO101 | H87: None | I87: Inconclusive | J87: 0 | M87: Undetermined | N87: 0 | Q87: FALSE | R87: 69932.437 | S87: TRUE | T87: 3 | U87: 49
A88: 17 | B88: B5 | C88: FALSE | D88: OM3-002_120 min | E88: EC | F88: UNKNOWN | G88: CY5.5 | H88: None | I88: Amp | J88: 2.6462173 | M88: 25.539514 | N88: 0.93273453 | O88: 25.539514 | Q88: FALSE | R88: 47660.913 | S88: TRUE | T88: 3 | U88: 18
A89: 17 | B89: B5 | C89: FALSE | D89: OM3-002_120 min | E89: CT GAT | F89: UNKNOWN | G89: FAM | H89: None | I89: Inconclusive | J89: 0 | M89: Undetermined | N89: 0 | Q89: FALSE | R89: 161088.07 | S89: TRUE | T89: 3 | U89: 49
A90: 18 | B90: B6 | C90: FALSE | D90: OM3-010_0 min | E90: NG GAT | F90: UNKNOWN | G90: VIC | H90: None | I90: Amp | J90: 2.7649638 | M90: 30.279534 | N90: 0.95079783 | O90: 30.279534 | Q90: FALSE | R90: 74142.9 | S90: TRUE | T90: 3 | U90: 23
A91: 18 | B91: B6 | C91: FALSE | D91: OM3-010_0 min | E91: NG NED | F91: UNKNOWN | G91: CY5 | H91: None | I91: Amp | J91: 2.4694116 | M91: 34.217903 | N91: 0.65126367 | O91: 34.217903 | Q91: FALSE | R91: 46910.863 | S91: TRUE | T91: 3 | U91: 28
A92: 18 | B92: B6 | C92: FALSE | D92: OM3-010_0 min | E92: CT NED | F92: UNKNOWN | G92: ATTO101 | H92: None | I92: No Amp | J92: 0 | M92: Undetermined | N92: 0 | Q92: FALSE | R92: 69932.437 | S92: TRUE | T92: 3 | U92: 24
A93: 18 | B93: B6 | C93: FALSE | D93: OM3-010_0 min | E93: EC | F93: UNKNOWN | G93: CY5.5 | H93: None | I93: Amp | J93: 2.6866009 | M93: 23.095781 | N93: 0.87348892 | O93: 23.095781 | Q93: FALSE | R93: 47660.913 | S93: TRUE | T93: 3 | U93: 16
A94: 18 | B94: B6 | C94: FALSE | D94: OM3-010_0 min | E94: CT GAT | F94: UNKNOWN | G94: FAM | H94: None | I94: No Amp | J94: 0 | M94: Undetermined | N94: 0 | Q94: FALSE | R94: 161088.07 | S94: TRUE | T94: 3 | U94: 49
A95: 19 | B95: B7 | C95: FALSE | D95: OM3-010_5 min | E95: NG GAT | F95: UNKNOWN | G95: VIC | H95: None | I95: Amp | J95: 2.7416631 | M95: 31.293727 | N95: 0.95611419 | O95: 31.293727 | Q95: FALSE | R95: 74142.9 | S95: TRUE | T95: 3 | U95: 23
A96: 19 | B96: B7 | C96: FALSE | D96: OM3-010_5 min | E96: NG NED | F96: UNKNOWN | G96: CY5 | H96: None | I96: Amp | J96: 2.6187943 | M96: 32.931955 | N96: 0.82395371 | O96: 32.931955 | Q96: FALSE | R96: 46910.863 | S96: TRUE | T96: 3 | U96: 28
A97: 19 | B97: B7 | C97: FALSE | D97: OM3-010_5 min | E97: CT NED | F97: UNKNOWN | G97: ATTO101 | H97: None | I97: No Amp | J97: 2.0003323 | M97: Undetermined | N97: 0 | Q97: FALSE | R97: 69932.437 | S97: TRUE | T97: 3 | U97: 49
A98: 19 | B98: B7 | C98: FALSE | D98: OM3-010_5 min | E98: EC | F98: UNKNOWN | G98: CY5.5 | H98: None | I98: Amp | J98: 2.678562 | M98: 24.082877 | N98: 0.93092604 | O98: 24.082877 | Q98: FALSE | R98: 47660.913 | S98: TRUE | T98: 3 | U98: 17
A99: 19 | B99: B7 | C99: FALSE | D99: OM3-010_5 min | E99: CT GAT | F99: UNKNOWN | G99: FAM | H99: None | I99: No Amp | J99: 0 | M99: Undetermined | N99: 0 | Q99: FALSE | R99: 161088.07 | S99: TRUE | T99: 3 | U99: 49
A100: 20 | B100: B8 | C100: FALSE | D100: OM3-010_30 min | E100: NG GAT | F100: UNKNOWN | G100: VIC | H100: None | I100: Amp | J100: 2.7063557 | M100: 32.555615 | N100: 0.90204236 | O100: 32.555615 | Q100: FALSE | R100: 74142.9 | S100: TRUE | T100: 3 | U100: 24
A101: 20 | B101: B8 | C101: FALSE | D101: OM3-010_30 min | E101: NG NED | F101: UNKNOWN | G101: CY5 | H101: None | I101: Amp | J101: 2.4968732 | M101: 34.895367 | N101: 0.69678226 | O101: 34.895367 | Q101: FALSE | R101: 46910.863 | S101: TRUE | T101: 3 | U101: 27
A102: 20 | B102: B8 | C102: FALSE | D102: OM3-010_30 min | E102: CT NED | F102: UNKNOWN | G102: ATTO101 | H102: None | I102: No Amp | J102: 0 | M102: Undetermined | N102: 0 | Q102: FALSE | R102: 69932.437 | S102: TRUE | T102: 3 | U102: 49
...

Sheet Cq and Delta Cq
A1: Well Position | B1: Sample | C1: FAM | D1: ATTO101 | E1: CY5.5 | F1: VIC | G1: CY5 | I1: CT ΔCq (NED-GAT) | J1: NG ΔCq (NED-GAT)
A2: ='Data Input'!B14 -> A1 | B2: ='Data Input'!D14 -> OM3-001_0 min | C2: {=_xlfn.XLOOKUP(1,(Tbl_Input[Well Position]='Cq and Delta Cq'!$A$2)*(Tbl_Input[Reporter]='Cq and Delta Cq'!$C$1),Tbl_Input[Cq])} -> Undetermined | D2: {=_xlfn.XLOOKUP(1,(Tbl_Input[Well Position]='Cq and Delta Cq'!$A$2)*(Tbl_Input[Reporter]='Cq and Delta Cq'!$D$1),Tbl_Input[Cq])} -> Undetermined | E2: {=_xlfn.XLOOKUP(1,(Tbl_Input[Well Position]='Cq and Delta Cq'!$A$2)*(Tbl_Input[Reporter]='Cq and Delta Cq'!$E$1),Tbl_Input[Cq])} -> 25.555588 | F2: {=_xlfn.XLOOKUP(1,(Tbl_Input[Well Position]='Cq and Delta Cq'!$A$2)*(Tbl_Input[Reporter]='Cq and Delta Cq'!$F$1),Tbl_Input[Cq])} -> 29.146242 | G2: {=_xlfn.XLOOKUP(1,(Tbl_Input[Well Position]='Cq and Delta Cq'!$A$2)*(Tbl_Input[Reporter]='Cq and Delta Cq'!$G$1),Tbl_Input[Cq])} -> 32.168683 | I2: =D2-C2 -> #VALUE! | J2: =G2-F2 -> 3.0224409
A3: ='Data Input'!B19 -> A2 | B3: ='Data Input'!D19 -> OM3-001_5 min | C3: {=_xlfn.XLOOKUP(1,(Tbl_Input[Well Position]='Cq and Delta Cq'!A3)*(Tbl_Input[Reporter]='Cq and Delta Cq'!$C$1),Tbl_Input[Cq])} -> Undetermined | D3: {=_xlfn.XLOOKUP(1,(Tbl_Input[Well Position]='Cq and Delta Cq'!A3)*(Tbl_Input[Reporter]='Cq and Delta Cq'!$D$1),Tbl_Input[Cq])} -> Undetermined | E3: {=_xlfn.XLOOKUP(1,(Tbl_Input[Well Position]='Cq and Delta Cq'!A3)*(Tbl_Input[Reporter]='Cq and Delta Cq'!$E$1),Tbl_Input[Cq])} -> 26.303907 | F3: {=_xlfn.XLOOKUP(1,(Tbl_Input[Well Position]='Cq and Delta Cq'!A3)*(Tbl_Input[Reporter]='Cq and Delta Cq'!$F$1),Tbl_Input[Cq])} -> 29.199535 | G3: {=_xlfn.XLOOKUP(1,(Tbl_Input[Well Position]='Cq and Delta Cq'!A3)*(Tbl_Input[Reporter]='Cq and Delta Cq'!$G$1),Tbl_Input[Cq])} -> 32.394623 | I3: =D3-C3 -> #VALUE! | J3: =G3-F3 -> 3.1950878
A4: ='Data Input'!B24 -> A3 | B4: ='Data Input'!D24 -> OM3-001_30 min | C4: {=_xlfn.XLOOKUP(1,(Tbl_Input[Well Position]='Cq and Delta Cq'!A4)*(Tbl_Input[Reporter]='Cq and Delta Cq'!$C$1),Tbl_Input[Cq])} -> Undetermined | D4: {=_xlfn.XLOOKUP(1,(Tbl_Input[Well Position]='Cq and Delta Cq'!A4)*(Tbl_Input[Reporter]='Cq and Delta Cq'!$D$1),Tbl_Input[Cq])} -> Undetermined | E4: {=_xlfn.XLOOKUP(1,(Tbl_Input[Well Position]='Cq and Delta Cq'!A4)*(Tbl_Input[Reporter]='Cq and Delta Cq'!$E$1),Tbl_Input[Cq])} -> 28.071379 | F4: {=_xlfn.XLOOKUP(1,(Tbl_Input[Well Position]='Cq and Delta Cq'!A4)*(Tbl_Input[Reporter]='Cq and Delta Cq'!$F$1),Tbl_Input[Cq])} -> 30.558692 | G4: {=_xlfn.XLOOKUP(1,(Tbl_Input[Well Position]='Cq and Delta Cq'!A4)*(Tbl_Input[Reporter]='Cq and Delta Cq'!$G$1),Tbl_Input[Cq])} -> 33.338086 | I4: =D4-C4 -> #VALUE! | J4: =G4-F4 -> 2.7793946
A5: ='Data Input'!B29 -> A4 | B5: ='Data Input'!D29 -> OM3-001_60 min | C5: {=_xlfn.XLOOKUP(1,(Tbl_Input[Well Position]='Cq and Delta Cq'!A5)*(Tbl_Input[Reporter]='Cq and Delta Cq'!$C$1),Tbl_Input[Cq])} -> Undetermined | D5: {=_xlfn.XLOOKUP(1,(Tbl_Input[Well Position]='Cq and Delta Cq'!A5)*(Tbl_Input[Reporter]='Cq and Delta Cq'!$D$1),Tbl_Input[Cq])} -> Undetermined | E5: {=_xlfn.XLOOKUP(1,(Tbl_Input[Well Position]='Cq and Delta Cq'!A5)*(Tbl_Input[Reporter]='Cq and Delta Cq'!$E$1),Tbl_Input[Cq])} -> 26.329329 | F5: {=_xlfn.XLOOKUP(1,(Tbl_Input[Well Position]='Cq and Delta Cq'!A5)*(Tbl_Input[Reporter]='Cq and Delta Cq'!$F$1),Tbl_Input[Cq])} -> 31.510965 | G5: {=_xlfn.XLOOKUP(1,(Tbl_Input[Well Position]='Cq and Delta Cq'!A5)*(Tbl_Input[Reporter]='Cq and Delta Cq'!$G$1),Tbl_Input[Cq])} -> 34.716424 | I5: =D5-C5 -> #VALUE! | J5: =G5-F5 -> 3.205459
A6: ='Data Input'!B34 -> A5 | B6: ='Data Input'!D34 -> OM3-001_120 min | C6: {=_xlfn.XLOOKUP(1,(Tbl_Input[Well Position]='Cq and Delta Cq'!A6)*(Tbl_Input[Reporter]='Cq and Delta Cq'!$C$1),Tbl_Input[Cq])} -> Undetermined | D6: {=_xlfn.XLOOKUP(1,(Tbl_Input[Well Position]='Cq and Delta Cq'!A6)*(Tbl_Input[Reporter]='Cq and Delta Cq'!$D$1),Tbl_Input[Cq])} -> Undetermined | E6: {=_xlfn.XLOOKUP(1,(Tbl_Input[Well Position]='Cq and Delta Cq'!A6)*(Tbl_Input[Reporter]='Cq and Delta Cq'!$E$1),Tbl_Input[Cq])} -> 27.051462 | F6: {=_xlfn.XLOOKUP(1,(Tbl_Input[Well Position]='Cq and Delta Cq'!A6)*(Tbl_Input[Reporter]='Cq and Delta Cq'!$F$1),Tbl_Input[Cq])} -> 28.133257 | G6: {=_xlfn.XLOOKUP(1,(Tbl_Input[Well Position]='Cq and Delta Cq'!A6)*(Tbl_Input[Reporter]='Cq and Delta Cq'!$G$1),Tbl_Input[Cq])} -> 31.208038 | I6: =D6-C6 -> #VALUE! | J6: =G6-F6 -> 3.0747814
A7: ='Data Input'!B39 -> A6 | B7: ='Data Input'!D39 -> OM3-009_0 min | C7: {=_xlfn.XLOOKUP(1,(Tbl_Input[Well Position]='Cq and Delta Cq'!A7)*(Tbl_Input[Reporter]='Cq and Delta Cq'!$C$1),Tbl_Input[Cq])} -> Undetermined | D7: {=_xlfn.XLOOKUP(1,(Tbl_Input[Well Position]='Cq and Delta Cq'!A7)*(Tbl_Input[Reporter]='Cq and Delta Cq'!$D$1),Tbl_Input[Cq])} -> Undetermined | E7: {=_xlfn.XLOOKUP(1,(Tbl_Input[Well Position]='Cq and Delta Cq'!A7)*(Tbl_Input[Reporter]='Cq and Delta Cq'!$E$1),Tbl_Input[Cq])} -> 23.08984 | F7: {=_xlfn.XLOOKUP(1,(Tbl_Input[Well Position]='Cq and Delta Cq'!A7)*(Tbl_Input[Reporter]='Cq and Delta Cq'!$F$1),Tbl_Input[Cq])} -> 38.616128 | G7: {=_xlfn.XLOOKUP(1,(Tbl_Input[Well Position]='Cq and Delta Cq'!A7)*(Tbl_Input[Reporter]='Cq and Delta Cq'!$G$1),Tbl_Input[Cq])} -> 36.908336 | I7: =D7-C7 -> #VALUE! | J7: =G7-F7 -> -1.7077929
A8: ='Data Input'!B44 -> A7 | B8: ='Data Input'!D44 -> OM3-009_5 min | C8: {=_xlfn.XLOOKUP(1,(Tbl_Input[Well Position]='Cq and Delta Cq'!A8)*(Tbl_Input[Reporter]='Cq and Delta Cq'!$C$1),Tbl_Input[Cq])} -> Undetermined | D8: {=_xlfn.XLOOKUP(1,(Tbl_Input[Well Position]='Cq and Delta Cq'!A8)*(Tbl_Input[Reporter]='Cq and Delta Cq'!$D$1),Tbl_Input[Cq])} -> Undetermined | E8: {=_xlfn.XLOOKUP(1,(Tbl_Input[Well Position]='Cq and Delta Cq'!A8)*(Tbl_Input[Reporter]='Cq and Delta Cq'!$E$1),Tbl_Input[Cq])} -> 25.275917 | F8: {=_xlfn.XLOOKUP(1,(Tbl_Input[Well Position]='Cq and Delta Cq'!A8)*(Tbl_Input[Reporter]='Cq and Delta Cq'!$F$1),Tbl_Input[Cq])} -> 38.389233 | G8: {=_xlfn.XLOOKUP(1,(Tbl_Input[Well Position]='Cq and Delta Cq'!A8)*(Tbl_Input[Reporter]='Cq and Delta Cq'!$G$1),Tbl_Input[Cq])} -> 40.160181 | I8: =D8-C8 -> #VALUE! | J8: =G8-F8 -> 1.7709484
A9: ='Data Input'!B49 -> A8 | B9: ='Data Input'!D49 -> OM3-009_30 min | C9: {=_xlfn.XLOOKUP(1,(Tbl_Input[Well Position]='Cq and Delta Cq'!A9)*(Tbl_Input[Reporter]='Cq and Delta Cq'!$C$1),Tbl_Input[Cq])} -> Undetermined | D9: {=_xlfn.XLOOKUP(1,(Tbl_Input[Well Position]='Cq and Delta Cq'!A9)*(Tbl_Input[Reporter]='Cq and Delta Cq'!$D$1),Tbl_Input[Cq])} -> Undetermined | E9: {=_xlfn.XLOOKUP(1,(Tbl_Input[Well Position]='Cq and Delta Cq'!A9)*(Tbl_Input[Reporter]='Cq and Delta Cq'!$E$1),Tbl_Input[Cq])} -> 25.029158 | F9: {=_xlfn.XLOOKUP(1,(Tbl_Input[Well Position]='Cq and Delta Cq'!A9)*(Tbl_Input[Reporter]='Cq and Delta Cq'!$F$1),Tbl_Input[Cq])} -> 32.119947 | G9: {=_xlfn.XLOOKUP(1,(Tbl_Input[Well Position]='Cq and Delta Cq'!A9)*(Tbl_Input[Reporter]='Cq and Delta Cq'!$G$1),Tbl_Input[Cq])} -> 33.282399 | I9: =D9-C9 -> #VALUE! | J9: =G9-F9 -> 1.1624525
A10: ='Data Input'!B54 -> A9 | B10: ='Data Input'!D54 -> OM3-009_60 min | C10: {=_xlfn.XLOOKUP(1,(Tbl_Input[Well Position]='Cq and Delta Cq'!A10)*(Tbl_Input[Reporter]='Cq and Delta Cq'!$C$1),Tbl_Input[Cq])} -> Undetermined | D10: {=_xlfn.XLOOKUP(1,(Tbl_Input[Well Position]='Cq and Delta Cq'!A10)*(Tbl_Input[Reporter]='Cq and Delta Cq'!$D$1),Tbl_Input[Cq])} -> Undetermined | E10: {=_xlfn.XLOOKUP(1,(Tbl_Input[Well Position]='Cq and Delta Cq'!A10)*(Tbl_Input[Reporter]='Cq and Delta Cq'!$E$1),Tbl_Input[Cq])} -> 24.559491 | F10: {=_xlfn.XLOOKUP(1,(Tbl_Input[Well Position]='Cq and Delta Cq'!A10)*(Tbl_Input[Reporter]='Cq and Delta Cq'!$F$1),Tbl_Input[Cq])} -> 37.311378 | G10: {=_xlfn.XLOOKUP(1,(Tbl_Input[Well Position]='Cq and Delta Cq'!A10)*(Tbl_Input[Reporter]='Cq and Delta Cq'!$G$1),Tbl_Input[Cq])} -> 35.827766 | I10: =D10-C10 -> #VALUE! | J10: =G10-F10 -> -1.483612
A11: ='Data Input'!B59 -> A10 | B11: ='Data Input'!D59 -> OM3-009_120 min | C11: {=_xlfn.XLOOKUP(1,(Tbl_Input[Well Position]='Cq and Delta Cq'!A11)*(Tbl_Input[Reporter]='Cq and Delta Cq'!$C$1),Tbl_Input[Cq])} -> Undetermined | D11: {=_xlfn.XLOOKUP(1,(Tbl_Input[Well Position]='Cq and Delta Cq'!A11)*(Tbl_Input[Reporter]='Cq and Delta Cq'!$D$1),Tbl_Input[Cq])} -> Undetermined | E11: {=_xlfn.XLOOKUP(1,(Tbl_Input[Well Position]='Cq and Delta Cq'!A11)*(Tbl_Input[Reporter]='Cq and Delta Cq'!$E$1),Tbl_Input[Cq])} -> 24.508035 | F11: {=_xlfn.XLOOKUP(1,(Tbl_Input[Well Position]='Cq and Delta Cq'!A11)*(Tbl_Input[Reporter]='Cq and Delta Cq'!$F$1),Tbl_Input[Cq])} -> 29.241216 | G11: {=_xlfn.XLOOKUP(1,(Tbl_Input[Well Position]='Cq and Delta Cq'!A11)*(Tbl_Input[Reporter]='Cq and Delta Cq'!$G$1),Tbl_Input[Cq])} -> 30.974218 | I11: =D11-C11 -> #VALUE! | J11: =G11-F11 -> 1.7330027
A12: ='Data Input'!B64 -> A12 | B12: ='Data Input'!D64 -> NEG | C12: {=_xlfn.XLOOKUP(1,(Tbl_Input[Well Position]='Cq and Delta Cq'!A12)*(Tbl_Input[Reporter]='Cq and Delta Cq'!$C$1),Tbl_Input[Cq])} -> Undetermined | D12: {=_xlfn.XLOOKUP(1,(Tbl_Input[Well Position]='Cq and Delta Cq'!A12)*(Tbl_Input[Reporter]='Cq and Delta Cq'!$D$1),Tbl_Input[Cq])} -> Undetermined | E12: {=_xlfn.XLOOKUP(1,(Tbl_Input[Well Position]='Cq and Delta Cq'!A12)*(Tbl_Input[Reporter]='Cq and Delta Cq'!$E$1),Tbl_Input[Cq])} -> Undetermined | F12: {=_xlfn.XLOOKUP(1,(Tbl_Input[Well Position]='Cq and Delta Cq'!A12)*(Tbl_Input[Reporter]='Cq and Delta Cq'!$F$1),Tbl_Input[Cq])} -> Undetermined | G12: {=_xlfn.XLOOKUP(1,(Tbl_Input[Well Position]='Cq and Delta Cq'!A12)*(Tbl_Input[Reporter]='Cq and Delta Cq'!$G$1),Tbl_Input[Cq])} -> Undetermined | I12: =D12-C12 -> #VALUE! | J12: =G12-F12 -> #VALUE!
A13: ='Data Input'!B69 -> B1 | B13: ='Data Input'!D69 -> OM3-002_0 min | C13: {=_xlfn.XLOOKUP(1,(Tbl_Input[Well Position]='Cq and Delta Cq'!A13)*(Tbl_Input[Reporter]='Cq and Delta Cq'!$C$1),Tbl_Input[Cq])} -> Undetermined | D13: {=_xlfn.XLOOKUP(1,(Tbl_Input[Well Position]='Cq and Delta Cq'!A13)*(Tbl_Input[Reporter]='Cq and Delta Cq'!$D$1),Tbl_Input[Cq])} -> Undetermined | E13: {=_xlfn.XLOOKUP(1,(Tbl_Input[Well Position]='Cq and Delta Cq'!A13)*(Tbl_Input[Reporter]='Cq and Delta Cq'!$E$1),Tbl_Input[Cq])} -> 23.940914 | F13: {=_xlfn.XLOOKUP(1,(Tbl_Input[Well Position]='Cq and Delta Cq'!A13)*(Tbl_Input[Reporter]='Cq and Delta Cq'!$F$1),Tbl_Input[Cq])} -> 28.73213 | G13: {=_xlfn.XLOOKUP(1,(Tbl_Input[Well Position]='Cq and Delta Cq'!A13)*(Tbl_Input[Reporter]='Cq and Delta Cq'!$G$1),Tbl_Input[Cq])} -> 29.94156 | I13: =D13-C13 -> #VALUE! | J13: =G13-F13 -> 1.20943
A14: ='Data Input'!B74 -> B2 | B14: ='Data Input'!D74 -> OM3-002_5 min | C14: {=_xlfn.XLOOKUP(1,(Tbl_Input[Well Position]='Cq and Delta Cq'!A14)*(Tbl_Input[Reporter]='Cq and Delta Cq'!$C$1),Tbl_Input[Cq])} -> Undetermined | D14: {=_xlfn.XLOOKUP(1,(Tbl_Input[Well Position]='Cq and Delta Cq'!A14)*(Tbl_Input[Reporter]='Cq and Delta Cq'!$D$1),Tbl_Input[Cq])} -> Undetermined | E14: {=_xlfn.XLOOKUP(1,(Tbl_Input[Well Position]='Cq and Delta Cq'!A14)*(Tbl_Input[Reporter]='Cq and Delta Cq'!$E$1),Tbl_Input[Cq])} -> 25.702258 | F14: {=_xlfn.XLOOKUP(1,(Tbl_Input[Well Position]='Cq and Delta Cq'!A14)*(Tbl_Input[Reporter]='Cq and Delta Cq'!$F$1),Tbl_Input[Cq])} -> 28.241612 | G14: {=_xlfn.XLOOKUP(1,(Tbl_Input[Well Position]='Cq and Delta Cq'!A14)*(Tbl_Input[Reporter]='Cq and Delta Cq'!$G$1),Tbl_Input[Cq])} -> 30.298672 | I14: =D14-C14 -> #VALUE! | J14: =G14-F14 -> 2.0570604
A15: ='Data Input'!B79 -> B3 | B15: ='Data Input'!D79 -> OM3-002_30 min | C15: {=_xlfn.XLOOKUP(1,(Tbl_Input[Well Position]='Cq and Delta Cq'!A15)*(Tbl_Input[Reporter]='Cq and Delta Cq'!$C$1),Tbl_Input[Cq])} -> Undetermined | D15: {=_xlfn.XLOOKUP(1,(Tbl_Input[Well Position]='Cq and Delta Cq'!A15)*(Tbl_Input[Reporter]='Cq and Delta Cq'!$D$1),Tbl_Input[Cq])} -> Undetermined | E15: {=_xlfn.XLOOKUP(1,(Tbl_Input[Well Position]='Cq and Delta Cq'!A15)*(Tbl_Input[Reporter]='Cq and Delta Cq'!$E$1),Tbl_Input[Cq])} -> 24.459486 | F15: {=_xlfn.XLOOKUP(1,(Tbl_Input[Well Position]='Cq and Delta Cq'!A15)*(Tbl_Input[Reporter]='Cq and Delta Cq'!$F$1),Tbl_Input[Cq])} -> 28.000809 | G15: {=_xlfn.XLOOKUP(1,(Tbl_Input[Well Position]='Cq and Delta Cq'!A15)*(Tbl_Input[Reporter]='Cq and Delta Cq'!$G$1),Tbl_Input[Cq])} -> 30.577444 | I15: =D15-C15 -> #VALUE! | J15: =G15-F15 -> 2.5766352
A16: ='Data Input'!B84 -> B4 | B16: ='Data Input'!D84 -> OM3-002_60 min | C16: {=_xlfn.XLOOKUP(1,(Tbl_Input[Well Position]='Cq and Delta Cq'!A16)*(Tbl_Input[Reporter]='Cq and Delta Cq'!$C$1),Tbl_Input[Cq])} -> Undetermined | D16: {=_xlfn.XLOOKUP(1,(Tbl_Input[Well Position]='Cq and Delta Cq'!A16)*(Tbl_Input[Reporter]='Cq and Delta Cq'!$D$1),Tbl_Input[Cq])} -> Undetermined | E16: {=_xlfn.XLOOKUP(1,(Tbl_Input[Well Position]='Cq and Delta Cq'!A16)*(Tbl_Input[Reporter]='Cq and Delta Cq'!$E$1),Tbl_Input[Cq])} -> 24.504309 | F16: {=_xlfn.XLOOKUP(1,(Tbl_Input[Well Position]='Cq and Delta Cq'!A16)*(Tbl_Input[Reporter]='Cq and Delta Cq'!$F$1),Tbl_Input[Cq])} -> 28.058144 | G16: {=_xlfn.XLOOKUP(1,(Tbl_Input[Well Position]='Cq and Delta Cq'!A16)*(Tbl_Input[Reporter]='Cq and Delta Cq'!$G$1),Tbl_Input[Cq])} -> 30.281649 | I16: =D16-C16 -> #VALUE! | J16: =G16-F16 -> 2.2235051
A17: ='Data Input'!B89 -> B5 | B17: ='Data Input'!D89 -> OM3-002_120 min | C17: {=_xlfn.XLOOKUP(1,(Tbl_Input[Well Position]='Cq and Delta Cq'!A17)*(Tbl_Input[Reporter]='Cq and Delta Cq'!$C$1),Tbl_Input[Cq])} -> Undetermined | D17: {=_xlfn.XLOOKUP(1,(Tbl_Input[Well Position]='Cq and Delta Cq'!A17)*(Tbl_Input[Reporter]='Cq and Delta Cq'!$D$1),Tbl_Input[Cq])} -> Undetermined | E17: {=_xlfn.XLOOKUP(1,(Tbl_Input[Well Position]='Cq and Delta Cq'!A17)*(Tbl_Input[Reporter]='Cq and Delta Cq'!$E$1),Tbl_Input[Cq])} -> 25.539514 | F17: {=_xlfn.XLOOKUP(1,(Tbl_Input[Well Position]='Cq and Delta Cq'!A17)*(Tbl_Input[Reporter]='Cq and Delta Cq'!$F$1),Tbl_Input[Cq])} -> 28.187706 | G17: {=_xlfn.XLOOKUP(1,(Tbl_Input[Well Position]='Cq and Delta Cq'!A17)*(Tbl_Input[Reporter]='Cq and Delta Cq'!$G$1),Tbl_Input[Cq])} -> 30.731935 | I17: =D17-C17 -> #VALUE! | J17: =G17-F17 -> 2.5442295
A18: ='Data Input'!B94 -> B6 | B18: ='Data Input'!D94 -> OM3-010_0 min | C18: {=_xlfn.XLOOKUP(1,(Tbl_Input[Well Position]='Cq and Delta Cq'!A18)*(Tbl_Input[Reporter]='Cq and Delta Cq'!$C$1),Tbl_Input[Cq])} -> Undetermined | D18: {=_xlfn.XLOOKUP(1,(Tbl_Input[Well Position]='Cq and Delta Cq'!A18)*(Tbl_Input[Reporter]='Cq and Delta Cq'!$D$1),Tbl_Input[Cq])} -> Undetermined | E18: {=_xlfn.XLOOKUP(1,(Tbl_Input[Well Position]='Cq and Delta Cq'!A18)*(Tbl_Input[Reporter]='Cq and Delta Cq'!$E$1),Tbl_Input[Cq])} -> 23.095781 | F18: {=_xlfn.XLOOKUP(1,(Tbl_Input[Well Position]='Cq and Delta Cq'!A18)*(Tbl_Input[Reporter]='Cq and Delta Cq'!$F$1),Tbl_Input[Cq])} -> 30.279534 | G18: {=_xlfn.XLOOKUP(1,(Tbl_Input[Well Position]='Cq and Delta Cq'!A18)*(Tbl_Input[Reporter]='Cq and Delta Cq'!$G$1),Tbl_Input[Cq])} -> 34.217903 | I18: =D18-C18 -> #VALUE! | J18: =G18-F18 -> 3.9383684
A19: ='Data Input'!B99 -> B7 | B19: ='Data Input'!D99 -> OM3-010_5 min | C19: {=_xlfn.XLOOKUP(1,(Tbl_Input[Well Position]='Cq and Delta Cq'!A19)*(Tbl_Input[Reporter]='Cq and Delta Cq'!$C$1),Tbl_Input[Cq])} -> Undetermined | D19: {=_xlfn.XLOOKUP(1,(Tbl_Input[Well Position]='Cq and Delta Cq'!A19)*(Tbl_Input[Reporter]='Cq and Delta Cq'!$D$1),Tbl_Input[Cq])} -> Undetermined | E19: {=_xlfn.XLOOKUP(1,(Tbl_Input[Well Position]='Cq and Delta Cq'!A19)*(Tbl_Input[Reporter]='Cq and Delta Cq'!$E$1),Tbl_Input[Cq])} -> 24.082877 | F19: {=_xlfn.XLOOKUP(1,(Tbl_Input[Well Position]='Cq and Delta Cq'!A19)*(Tbl_Input[Reporter]='Cq and Delta Cq'!$F$1),Tbl_Input[Cq])} -> 31.293727 | G19: {=_xlfn.XLOOKUP(1,(Tbl_Input[Well Position]='Cq and Delta Cq'!A19)*(Tbl_Input[Reporter]='Cq and Delta Cq'!$G$1),Tbl_Input[Cq])} -> 32.931955 | I19: =D19-C19 -> #VALUE! | J19: =G19-F19 -> 1.6382284
A20: ='Data Input'!B104 -> B8 | B20: ='Data Input'!D104 -> OM3-010_30 min | C20: {=_xlfn.XLOOKUP(1,(Tbl_Input[Well Position]='Cq and Delta Cq'!A20)*(Tbl_Input[Reporter]='Cq and Delta Cq'!$C$1),Tbl_Input[Cq])} -> Undetermined | D20: {=_xlfn.XLOOKUP(1,(Tbl_Input[Well Position]='Cq and Delta Cq'!A20)*(Tbl_Input[Reporter]='Cq and Delta Cq'!$D$1),Tbl_Input[Cq])} -> Undetermined | E20: {=_xlfn.XLOOKUP(1,(Tbl_Input[Well Position]='Cq and Delta Cq'!A20)*(Tbl_Input[Reporter]='Cq and Delta Cq'!$E$1),Tbl_Input[Cq])} -> 24.222265 | F20: {=_xlfn.XLOOKUP(1,(Tbl_Input[Well Position]='Cq and Delta Cq'!A20)*(Tbl_Input[Reporter]='Cq and Delta Cq'!$F$1),Tbl_Input[Cq])} -> 32.555615 | G20: {=_xlfn.XLOOKUP(1,(Tbl_Input[Well Position]='Cq and Delta Cq'!A20)*(Tbl_Input[Reporter]='Cq and Delta Cq'!$G$1),Tbl_Input[Cq])} -> 34.895367 | I20: =D20-C20 -> #VALUE! | J20: =G20-F20 -> 2.3397524
A21: ='Data Input'!B109 -> B9 | B21: ='Data Input'!D109 -> OM3-010_60 min | C21: {=_xlfn.XLOOKUP(1,(Tbl_Input[Well Position]='Cq and Delta Cq'!A21)*(Tbl_Input[Reporter]='Cq and Delta Cq'!$C$1),Tbl_Input[Cq])} -> Undetermined | D21: {=_xlfn.XLOOKUP(1,(Tbl_Input[Well Position]='Cq and Delta Cq'!A21)*(Tbl_Input[Reporter]='Cq and Delta Cq'!$D$1),Tbl_Input[Cq])} -> Undetermined | E21: {=_xlfn.XLOOKUP(1,(Tbl_Input[Well Position]='Cq and Delta Cq'!A21)*(Tbl_Input[Reporter]='Cq and Delta Cq'!$E$1),Tbl_Input[Cq])} -> 22.67844 | F21: {=_xlfn.XLOOKUP(1,(Tbl_Input[Well Position]='Cq and Delta Cq'!A21)*(Tbl_Input[Reporter]='Cq and Delta Cq'!$F$1),Tbl_Input[Cq])} -> 29.41659 | G21: {=_xlfn.XLOOKUP(1,(Tbl_Input[Well Position]='Cq and Delta Cq'!A21)*(Tbl_Input[Reporter]='Cq and Delta Cq'!$G$1),Tbl_Input[Cq])} -> 31.292783 | I21: =D21-C21 -> #VALUE! | J21: =G21-F21 -> 1.8761935
A22: ='Data Input'!B114 -> B10 | B22: ='Data Input'!D114 -> OM3-010_120 min | C22: {=_xlfn.XLOOKUP(1,(Tbl_Input[Well Position]='Cq and Delta Cq'!A22)*(Tbl_Input[Reporter]='Cq and Delta Cq'!$C$1),Tbl_Input[Cq])} -> Undetermined | D22: {=_xlfn.XLOOKUP(1,(Tbl_Input[Well Position]='Cq and Delta Cq'!A22)*(Tbl_Input[Reporter]='Cq and Delta Cq'!$D$1),Tbl_Input[Cq])} -> Undetermined | E22: {=_xlfn.XLOOKUP(1,(Tbl_Input[Well Position]='Cq and Delta Cq'!A22)*(Tbl_Input[Reporter]='Cq and Delta Cq'!$E$1),Tbl_Input[Cq])} -> 23.336325 | F22: {=_xlfn.XLOOKUP(1,(Tbl_Input[Well Position]='Cq and Delta Cq'!A22)*(Tbl_Input[Reporter]='Cq and Delta Cq'!$F$1),Tbl_Input[Cq])} -> 31.025138 | G22: {=_xlfn.XLOOKUP(1,(Tbl_Input[Well Position]='Cq and Delta Cq'!A22)*(Tbl_Input[Reporter]='Cq and Delta Cq'!$G$1),Tbl_Input[Cq])} -> 32.729336 | I22: =D22-C22 -> #VALUE! | J22: =G22-F22 -> 1.7041976
A23: ='Data Input'!B119 -> B12 | B23: ='Data Input'!D119 -> NTC | C23: {=_xlfn.XLOOKUP(1,(Tbl_Input[Well Position]='Cq and Delta Cq'!A23)*(Tbl_Input[Reporter]='Cq and Delta Cq'!$C$1),Tbl_Input[Cq])} -> Undetermined | D23: {=_xlfn.XLOOKUP(1,(Tbl_Input[Well Position]='Cq and Delta Cq'!A23)*(Tbl_Input[Reporter]='Cq and Delta Cq'!$D$1),Tbl_Input[Cq])} -> Undetermined | E23: {=_xlfn.XLOOKUP(1,(Tbl_Input[Well Position]='Cq and Delta Cq'!A23)*(Tbl_Input[Reporter]='Cq and Delta Cq'!$E$1),Tbl_Input[Cq])} -> Undetermined | F23: {=_xlfn.XLOOKUP(1,(Tbl_Input[Well Position]='Cq and Delta Cq'!A23)*(Tbl_Input[Reporter]='Cq and Delta Cq'!$F$1),Tbl_Input[Cq])} -> Undetermined | G23: {=_xlfn.XLOOKUP(1,(Tbl_Input[Well Position]='Cq and Delta Cq'!A23)*(Tbl_Input[Reporter]='Cq and Delta Cq'!$G$1),Tbl_Input[Cq])} -> Undetermined | I23: =D23-C23 -> #VALUE! | J23: =G23-F23 -> #VALUE!
A24: ='Data Input'!B124 -> C1 | B24: ='Data Input'!D124 -> OM3-003_0 min | C24: {=_xlfn.XLOOKUP(1,(Tbl_Input[Well Position]='Cq and Delta Cq'!A24)*(Tbl_Input[Reporter]='Cq and Delta Cq'!$C$1),Tbl_Input[Cq])} -> Undetermined | D24: {=_xlfn.XLOOKUP(1,(Tbl_Input[Well Position]='Cq and Delta Cq'!A24)*(Tbl_Input[Reporter]='Cq and Delta Cq'!$D$1),Tbl_Input[Cq])} -> Undetermined | E24: {=_xlfn.XLOOKUP(1,(Tbl_Input[Well Position]='Cq and Delta Cq'!A24)*(Tbl_Input[Reporter]='Cq and Delta Cq'!$E$1),Tbl_Input[Cq])} -> 26.621512 | F24: {=_xlfn.XLOOKUP(1,(Tbl_Input[Well Position]='Cq and Delta Cq'!A24)*(Tbl_Input[Reporter]='Cq and Delta Cq'!$F$1),Tbl_Input[Cq])} -> 35.503399 | G24: {=_xlfn.XLOOKUP(1,(Tbl_Input[Well Position]='Cq and Delta Cq'!A24)*(Tbl_Input[Reporter]='Cq and Delta Cq'!$G$1),Tbl_Input[Cq])} -> Undetermined | I24: =D24-C24 -> #VALUE! | J24: =G24-F24 -> #VALUE!
A25: ='Data Input'!B129 -> C2 | B25: ='Data Input'!D129 -> OM3-003_5 min | C25: {=_xlfn.XLOOKUP(1,(Tbl_Input[Well Position]='Cq and Delta Cq'!A25)*(Tbl_Input[Reporter]='Cq and Delta Cq'!$C$1),Tbl_Input[Cq])} -> Undetermined | D25: {=_xlfn.XLOOKUP(1,(Tbl_Input[Well Position]='Cq and Delta Cq'!A25)*(Tbl_Input[Reporter]='Cq and Delta Cq'!$D$1),Tbl_Input[Cq])} -> Undetermined | E25: {=_xlfn.XLOOKUP(1,(Tbl_Input[Well Position]='Cq and Delta Cq'!A25)*(Tbl_Input[Reporter]='Cq and Delta Cq'!$E$1),Tbl_Input[Cq])} -> 26.958522 | F25: {=_xlfn.XLOOKUP(1,(Tbl_Input[Well Position]='Cq and Delta Cq'!A25)*(Tbl_Input[Reporter]='Cq and Delta Cq'!$F$1),Tbl_Input[Cq])} -> 35.144672 | G25: {=_xlfn.XLOOKUP(1,(Tbl_Input[Well Position]='Cq and Delta Cq'!A25)*(Tbl_Input[Reporter]='Cq and Delta Cq'!$G$1),Tbl_Input[Cq])} -> 40.666512 | I25: =D25-C25 -> #VALUE! | J25: =G25-F25 -> 5.5218406
A26: ='Data Input'!B134 -> C3 | B26: ='Data Input'!D134 -> OM3-003_30 min | C26: {=_xlfn.XLOOKUP(1,(Tbl_Input[Well Position]='Cq and Delta Cq'!A26)*(Tbl_Input[Reporter]='Cq and Delta Cq'!$C$1),Tbl_Input[Cq])} -> Undetermined | D26: {=_xlfn.XLOOKUP(1,(Tbl_Input[Well Position]='Cq and Delta Cq'!A26)*(Tbl_Input[Reporter]='Cq and Delta Cq'!$D$1),Tbl_Input[Cq])} -> Undetermined | E26: {=_xlfn.XLOOKUP(1,(Tbl_Input[Well Position]='Cq and Delta Cq'!A26)*(Tbl_Input[Reporter]='Cq and Delta Cq'!$E$1),Tbl_Input[Cq])} -> 25.943405 | F26: {=_xlfn.XLOOKUP(1,(Tbl_Input[Well Position]='Cq and Delta Cq'!A26)*(Tbl_Input[Reporter]='Cq and Delta Cq'!$F$1),Tbl_Input[Cq])} -> 29.945087 | G26: {=_xlfn.XLOOKUP(1,(Tbl_Input[Well Position]='Cq and Delta Cq'!A26)*(Tbl_Input[Reporter]='Cq and Delta Cq'!$G$1),Tbl_Input[Cq])} -> 33.12238 | I26: =D26-C26 -> #VALUE! | J26: =G26-F26 -> 3.1772934
A27: ='Data Input'!B139 -> C4 | B27: ='Data Input'!D139 -> OM3-003_60 min | C27: {=_xlfn.XLOOKUP(1,(Tbl_Input[Well Position]='Cq and Delta Cq'!A27)*(Tbl_Input[Reporter]='Cq and Delta Cq'!$C$1),Tbl_Input[Cq])} -> Undetermined | D27: {=_xlfn.XLOOKUP(1,(Tbl_Input[Well Position]='Cq and Delta Cq'!A27)*(Tbl_Input[Reporter]='Cq and Delta Cq'!$D$1),Tbl_Input[Cq])} -> Undetermined | E27: {=_xlfn.XLOOKUP(1,(Tbl_Input[Well Position]='Cq and Delta Cq'!A27)*(Tbl_Input[Reporter]='Cq and Delta Cq'!$E$1),Tbl_Input[Cq])} -> 25.638819 | F27: {=_xlfn.XLOOKUP(1,(Tbl_Input[Well Position]='Cq and Delta Cq'!A27)*(Tbl_Input[Reporter]='Cq and Delta Cq'!$F$1),Tbl_Input[Cq])} -> 32.870416 | G27: {=_xlfn.XLOOKUP(1,(Tbl_Input[Well Position]='Cq and Delta Cq'!A27)*(Tbl_Input[Reporter]='Cq and Delta Cq'!$G$1),Tbl_Input[Cq])} -> 40.034604 | I27: =D27-C27 -> #VALUE! | J27: =G27-F27 -> 7.1641873
A28: ='Data Input'!B144 -> C5 | B28: ='Data Input'!D144 -> OM3-003_120 min | C28: {=_xlfn.XLOOKUP(1,(Tbl_Input[Well Position]='Cq and Delta Cq'!A28)*(Tbl_Input[Reporter]='Cq and Delta Cq'!$C$1),Tbl_Input[Cq])} -> Undetermined | D28: {=_xlfn.XLOOKUP(1,(Tbl_Input[Well Position]='Cq and Delta Cq'!A28)*(Tbl_Input[Reporter]='Cq and Delta Cq'!$D$1),Tbl_Input[Cq])} -> Undetermined | E28: {=_xlfn.XLOOKUP(1,(Tbl_Input[Well Position]='Cq and Delta Cq'!A28)*(Tbl_Input[Reporter]='Cq and Delta Cq'!$E$1),Tbl_Input[Cq])} -> 25.436696 | F28: {=_xlfn.XLOOKUP(1,(Tbl_Input[Well Position]='Cq and Delta Cq'!A28)*(Tbl_Input[Reporter]='Cq and Delta Cq'!$F$1),Tbl_Input[Cq])} -> 34.179693 | G28: {=_xlfn.XLOOKUP(1,(Tbl_Input[Well Position]='Cq and Delta Cq'!A28)*(Tbl_Input[Reporter]='Cq and Delta Cq'!$G$1),Tbl_Input[Cq])} -> 38.692706 | I28: =D28-C28 -> #VALUE! | J28: =G28-F28 -> 4.5130132
A29: ='Data Input'!B149 -> C6 | B29: ='Data Input'!D149 -> OM3-011_0 min | C29: {=_xlfn.XLOOKUP(1,(Tbl_Input[Well Position]='Cq and Delta Cq'!A29)*(Tbl_Input[Reporter]='Cq and Delta Cq'!$C$1),Tbl_Input[Cq])} -> Undetermined | D29: {=_xlfn.XLOOKUP(1,(Tbl_Input[Well Position]='Cq and Delta Cq'!A29)*(Tbl_Input[Reporter]='Cq and Delta Cq'!$D$1),Tbl_Input[Cq])} -> Undetermined | E29: {=_xlfn.XLOOKUP(1,(Tbl_Input[Well Position]='Cq and Delta Cq'!A29)*(Tbl_Input[Reporter]='Cq and Delta Cq'!$E$1),Tbl_Input[Cq])} -> 24.239156 | F29: {=_xlfn.XLOOKUP(1,(Tbl_Input[Well Position]='Cq and Delta Cq'!A29)*(Tbl_Input[Reporter]='Cq and Delta Cq'!$F$1),Tbl_Input[Cq])} -> 25.671544 | G29: {=_xlfn.XLOOKUP(1,(Tbl_Input[Well Position]='Cq and Delta Cq'!A29)*(Tbl_Input[Reporter]='Cq and Delta Cq'!$G$1),Tbl_Input[Cq])} -> 28.979223 | I29: =D29-C29 -> #VALUE! | J29: =G29-F29 -> 3.3076794
A30: ='Data Input'!B154 -> C7 | B30: ='Data Input'!D154 -> OM3-011_5 min | C30: {=_xlfn.XLOOKUP(1,(Tbl_Input[Well Position]='Cq and Delta Cq'!A30)*(Tbl_Input[Reporter]='Cq and Delta Cq'!$C$1),Tbl_Input[Cq])} -> Undetermined | D30: {=_xlfn.XLOOKUP(1,(Tbl_Input[Well Position]='Cq and Delta Cq'!A30)*(Tbl_Input[Reporter]='Cq and Delta Cq'!$D$1),Tbl_Input[Cq])} -> Undetermined | E30: {=_xlfn.XLOOKUP(1,(Tbl_Input[Well Position]='Cq and Delta Cq'!A30)*(Tbl_Input[Reporter]='Cq and Delta Cq'!$E$1),Tbl_Input[Cq])} -> 26.954757 | F30: {=_xlfn.XLOOKUP(1,(Tbl_Input[Well Position]='Cq and Delta Cq'!A30)*(Tbl_Input[Reporter]='Cq and Delta Cq'!$F$1),Tbl_Input[Cq])} -> 28.768662 | G30: {=_xlfn.XLOOKUP(1,(Tbl_Input[Well Position]='Cq and Delta Cq'!A30)*(Tbl_Input[Reporter]='Cq and Delta Cq'!$G$1),Tbl_Input[Cq])} -> 30.930132 | I30: =D30-C30 -> #VALUE! | J30: =G30-F30 -> 2.1614704
A31: ='Data Input'!B159 -> C8 | B31: ='Data Input'!D159 -> OM3-011_30 min | C31: {=_xlfn.XLOOKUP(1,(Tbl_Input[Well Position]='Cq and Delta Cq'!A31)*(Tbl_Input[Reporter]='Cq and Delta Cq'!$C$1),Tbl_Input[Cq])} -> Undetermined | D31: {=_xlfn.XLOOKUP(1,(Tbl_Input[Well Position]='Cq and Delta Cq'!A31)*(Tbl_Input[Reporter]='Cq and Delta Cq'!$D$1),Tbl_Input[Cq])} -> Undetermined | E31: {=_xlfn.XLOOKUP(1,(Tbl_Input[Well Position]='Cq and Delta Cq'!A31)*(Tbl_Input[Reporter]='Cq and Delta Cq'!$E$1),Tbl_Input[Cq])} -> 25.404729 | F31: {=_xlfn.XLOOKUP(1,(Tbl_Input[Well Position]='Cq and Delta Cq'!A31)*(Tbl_Input[Reporter]='Cq and Delta Cq'!$F$1),Tbl_Input[Cq])} -> 27.949954 | G31: {=_xlfn.XLOOKUP(1,(Tbl_Input[Well Position]='Cq and Delta Cq'!A31)*(Tbl_Input[Reporter]='Cq and Delta Cq'!$G$1),Tbl_Input[Cq])} -> 31.329802 | I31: =D31-C31 -> #VALUE! | J31: =G31-F31 -> 3.3798482
A32: ='Data Input'!B164 -> C9 | B32: ='Data Input'!D164 -> OM3-011_60 min | C32: {=_xlfn.XLOOKUP(1,(Tbl_Input[Well Position]='Cq and Delta Cq'!A32)*(Tbl_Input[Reporter]='Cq and Delta Cq'!$C$1),Tbl_Input[Cq])} -> Undetermined | D32: {=_xlfn.XLOOKUP(1,(Tbl_Input[Well Position]='Cq and Delta Cq'!A32)*(Tbl_Input[Reporter]='Cq and Delta Cq'!$D$1),Tbl_Input[Cq])} -> Undetermined | E32: {=_xlfn.XLOOKUP(1,(Tbl_Input[Well Position]='Cq and Delta Cq'!A32)*(Tbl_Input[Reporter]='Cq and Delta Cq'!$E$1),Tbl_Input[Cq])} -> 27.243513 | F32: {=_xlfn.XLOOKUP(1,(Tbl_Input[Well Position]='Cq and Delta Cq'!A32)*(Tbl_Input[Reporter]='Cq and Delta Cq'!$F$1),Tbl_Input[Cq])} -> 31.007634 | G32: {=_xlfn.XLOOKUP(1,(Tbl_Input[Well Position]='Cq and Delta Cq'!A32)*(Tbl_Input[Reporter]='Cq and Delta Cq'!$G$1),Tbl_Input[Cq])} -> 33.220777 | I32: =D32-C32 -> #VALUE! | J32: =G32-F32 -> 2.213143
A33: ='Data Input'!B169 -> C10 | B33: ='Data Input'!D169 -> OM3-011_120 min | C33: {=_xlfn.XLOOKUP(1,(Tbl_Input[Well Position]='Cq and Delta Cq'!A33)*(Tbl_Input[Reporter]='Cq and Delta Cq'!$C$1),Tbl_Input[Cq])} -> Undetermined | D33: {=_xlfn.XLOOKUP(1,(Tbl_Input[Well Position]='Cq and Delta Cq'!A33)*(Tbl_Input[Reporter]='Cq and Delta Cq'!$D$1),Tbl_Input[Cq])} -> Undetermined | E33: {=_xlfn.XLOOKUP(1,(Tbl_Input[Well Position]='Cq and Delta Cq'!A33)*(Tbl_Input[Reporter]='Cq and Delta Cq'!$E$1),Tbl_Input[Cq])} -> 26.654273 | F33: {=_xlfn.XLOOKUP(1,(Tbl_Input[Well Position]='Cq and Delta Cq'!A33)*(Tbl_Input[Reporter]='Cq and Delta Cq'!$F$1),Tbl_Input[Cq])} -> 33.942958 | G33: {=_xlfn.XLOOKUP(1,(Tbl_Input[Well Position]='Cq and Delta Cq'!A33)*(Tbl_Input[Reporter]='Cq and Delta Cq'!$G$1),Tbl_Input[Cq])} -> Undetermined | I33: =D33-C33 -> #VALUE! | J33: =G33-F33 -> #VALUE!
A34: ='Data Input'!B174 -> C12 | B34: ='Data Input'!D174 -> CT/NG gblock | C34: {=_xlfn.XLOOKUP(1,(Tbl_Input[Well Position]='Cq and Delta Cq'!A34)*(Tbl_Input[Reporter]='Cq and Delta Cq'!$C$1),Tbl_Input[Cq])} -> 27.757596 | D34: {=_xlfn.XLOOKUP(1,(Tbl_Input[Well Position]='Cq and Delta Cq'!A34)*(Tbl_Input[Reporter]='Cq and Delta Cq'!$D$1),Tbl_Input[Cq])} -> 28.652821 | E34: {=_xlfn.XLOOKUP(1,(Tbl_Input[Well Position]='Cq and Delta Cq'!A34)*(Tbl_Input[Reporter]='Cq and Delta Cq'!$E$1),Tbl_Input[Cq])} -> Undetermined | F34: {=_xlfn.XLOOKUP(1,(Tbl_Input[Well Position]='Cq and Delta Cq'!A34)*(Tbl_Input[Reporter]='Cq and Delta Cq'!$F$1),Tbl_Input[Cq])} -> 27.407102 | G34: {=_xlfn.XLOOKUP(1,(Tbl_Input[Well Position]='Cq and Delta Cq'!A34)*(Tbl_Input[Reporter]='Cq and Delta Cq'!$G$1),Tbl_Input[Cq])} -> 28.598585 | I34: =D34-C34 -> 0.89522555 | J34: =G34-F34 -> 1.1914832
A35: ='Data Input'!B179 -> D1 | B35: ='Data Input'!D179 -> OM3-004_0 min | C35: {=_xlfn.XLOOKUP(1,(Tbl_Input[Well Position]='Cq and Delta Cq'!A35)*(Tbl_Input[Reporter]='Cq and Delta Cq'!$C$1),Tbl_Input[Cq])} -> Undetermined | D35: {=_xlfn.XLOOKUP(1,(Tbl_Input[Well Position]='Cq and Delta Cq'!A35)*(Tbl_Input[Reporter]='Cq and Delta Cq'!$D$1),Tbl_Input[Cq])} -> Undetermined | E35: {=_xlfn.XLOOKUP(1,(Tbl_Input[Well Position]='Cq and Delta Cq'!A35)*(Tbl_Input[Reporter]='Cq and Delta Cq'!$E$1),Tbl_Input[Cq])} -> 25.729278 | F35: {=_xlfn.XLOOKUP(1,(Tbl_Input[Well Position]='Cq and Delta Cq'!A35)*(Tbl_Input[Reporter]='Cq and Delta Cq'!$F$1),Tbl_Input[Cq])} -> 27.838616 | G35: {=_xlfn.XLOOKUP(1,(Tbl_Input[Well Position]='Cq and Delta Cq'!A35)*(Tbl_Input[Reporter]='Cq and Delta Cq'!$G$1),Tbl_Input[Cq])} -> 29.748731 | I35: =D35-C35 -> #VALUE! | J35: =G35-F35 -> 1.9101142
A36: ='Data Input'!B184 -> D2 | B36: ='Data Input'!D184 -> OM3-004_5 min | C36: {=_xlfn.XLOOKUP(1,(Tbl_Input[Well Position]='Cq and Delta Cq'!A36)*(Tbl_Input[Reporter]='Cq and Delta Cq'!$C$1),Tbl_Input[Cq])} -> Undetermined | D36: {=_xlfn.XLOOKUP(1,(Tbl_Input[Well Position]='Cq and Delta Cq'!A36)*(Tbl_Input[Reporter]='Cq and Delta Cq'!$D$1),Tbl_Input[Cq])} -> Undetermined | E36: {=_xlfn.XLOOKUP(1,(Tbl_Input[Well Position]='Cq and Delta Cq'!A36)*(Tbl_Input[Reporter]='Cq and Delta Cq'!$E$1),Tbl_Input[Cq])} -> 25.995508 | F36: {=_xlfn.XLOOKUP(1,(Tbl_Input[Well Position]='Cq and Delta Cq'!A36)*(Tbl_Input[Reporter]='Cq and Delta Cq'!$F$1),Tbl_Input[Cq])} -> 28.453334 | G36: {=_xlfn.XLOOKUP(1,(Tbl_Input[Well Position]='Cq and Delta Cq'!A36)*(Tbl_Input[Reporter]='Cq and Delta Cq'!$G$1),Tbl_Input[Cq])} -> 30.925166 | I36: =D36-C36 -> #VALUE! | J36: =G36-F36 -> 2.4718325
A37: ='Data Input'!B189 -> D3 | B37: ='Data Input'!D189 -> OM3-004_30 min | C37: {=_xlfn.XLOOKUP(1,(Tbl_Input[Well Position]='Cq and Delta Cq'!A37)*(Tbl_Input[Reporter]='Cq and Delta Cq'!$C$1),Tbl_Input[Cq])} -> Undetermined | D37: {=_xlfn.XLOOKUP(1,(Tbl_Input[Well Position]='Cq and Delta Cq'!A37)*(Tbl_Input[Reporter]='Cq and Delta Cq'!$D$1),Tbl_Input[Cq])} -> Undetermined | E37: {=_xlfn.XLOOKUP(1,(Tbl_Input[Well Position]='Cq and Delta Cq'!A37)*(Tbl_Input[Reporter]='Cq and Delta Cq'!$E$1),Tbl_Input[Cq])} -> 25.12052 | F37: {=_xlfn.XLOOKUP(1,(Tbl_Input[Well Position]='Cq and Delta Cq'!A37)*(Tbl_Input[Reporter]='Cq and Delta Cq'!$F$1),Tbl_Input[Cq])} -> 28.699967 | G37: {=_xlfn.XLOOKUP(1,(Tbl_Input[Well Position]='Cq and Delta Cq'!A37)*(Tbl_Input[Reporter]='Cq and Delta Cq'!$G$1),Tbl_Input[Cq])} -> 31.096763 | I37: =D37-C37 -> #VALUE! | J37: =G37-F37 -> 2.3967956
A38: ='Data Input'!B194 -> D4 | B38: ='Data Input'!D194 -> OM3-004_60 min | C38: {=_xlfn.XLOOKUP(1,(Tbl_Input[Well Position]='Cq and Delta Cq'!A38)*(Tbl_Input[Reporter]='Cq and Delta Cq'!$C$1),Tbl_Input[Cq])} -> Undetermined | D38: {=_xlfn.XLOOKUP(1,(Tbl_Input[Well Position]='Cq and Delta Cq'!A38)*(Tbl_Input[Reporter]='Cq and Delta Cq'!$D$1),Tbl_Input[Cq])} -> Undetermined | E38: {=_xlfn.XLOOKUP(1,(Tbl_Input[Well Position]='Cq and Delta Cq'!A38)*(Tbl_Input[Reporter]='Cq and Delta Cq'!$E$1),Tbl_Input[Cq])} -> 26.947432 | F38: {=_xlfn.XLOOKUP(1,(Tbl_Input[Well Position]='Cq and Delta Cq'!A38)*(Tbl_Input[Reporter]='Cq and Delta Cq'!$F$1),Tbl_Input[Cq])} -> 28.991617 | G38: {=_xlfn.XLOOKUP(1,(Tbl_Input[Well Position]='Cq and Delta Cq'!A38)*(Tbl_Input[Reporter]='Cq and Delta Cq'!$G$1),Tbl_Input[Cq])} -> 31.001294 | I38: =D38-C38 -> #VALUE! | J38: =G38-F38 -> 2.0096766
A39: ='Data Input'!B199 -> D5 | B39: ='Data Input'!D199 -> OM3-004_120 min | C39: {=_xlfn.XLOOKUP(1,(Tbl_Input[Well Position]='Cq and Delta Cq'!A39)*(Tbl_Input[Reporter]='Cq and Delta Cq'!$C$1),Tbl_Input[Cq])} -> Undetermined | D39: {=_xlfn.XLOOKUP(1,(Tbl_Input[Well Position]='Cq and Delta Cq'!A39)*(Tbl_Input[Reporter]='Cq and Delta Cq'!$D$1),Tbl_Input[Cq])} -> Undetermined | E39: {=_xlfn.XLOOKUP(1,(Tbl_Input[Well Position]='Cq and Delta Cq'!A39)*(Tbl_Input[Reporter]='Cq and Delta Cq'!$E$1),Tbl_Input[Cq])} -> 26.183358 | F39: {=_xlfn.XLOOKUP(1,(Tbl_Input[Well Position]='Cq and Delta Cq'!A39)*(Tbl_Input[Reporter]='Cq and Delta Cq'!$F$1),Tbl_Input[Cq])} -> 27.740959 | G39: {=_xlfn.XLOOKUP(1,(Tbl_Input[Well Position]='Cq and Delta Cq'!A39)*(Tbl_Input[Reporter]='Cq and Delta Cq'!$G$1),Tbl_Input[Cq])} -> 30.089038 | I39: =D39-C39 -> #VALUE! | J39: =G39-F39 -> 2.3480794
A40: ='Data Input'!B204 -> D6 | B40: ='Data Input'!D204 -> OM3-012_0 min | C40: {=_xlfn.XLOOKUP(1,(Tbl_Input[Well Position]='Cq and Delta Cq'!A40)*(Tbl_Input[Reporter]='Cq and Delta Cq'!$C$1),Tbl_Input[Cq])} -> Undetermined | D40: {=_xlfn.XLOOKUP(1,(Tbl_Input[Well Position]='Cq and Delta Cq'!A40)*(Tbl_Input[Reporter]='Cq and Delta Cq'!$D$1),Tbl_Input[Cq])} -> Undetermined | E40: {=_xlfn.XLOOKUP(1,(Tbl_Input[Well Position]='Cq and Delta Cq'!A40)*(Tbl_Input[Reporter]='Cq and Delta Cq'!$E$1),Tbl_Input[Cq])} -> 23.562878 | F40: {=_xlfn.XLOOKUP(1,(Tbl_Input[Well Position]='Cq and Delta Cq'!A40)*(Tbl_Input[Reporter]='Cq and Delta Cq'!$F$1),Tbl_Input[Cq])} -> 31.628879 | G40: {=_xlfn.XLOOKUP(1,(Tbl_Input[Well Position]='Cq and Delta Cq'!A40)*(Tbl_Input[Reporter]='Cq and Delta Cq'!$G$1),Tbl_Input[Cq])} -> 34.440484 | I40: =D40-C40 -> #VALUE! | J40: =G40-F40 -> 2.8116051
A41: ='Data Input'!B209 -> D7 | B41: ='Data Input'!D209 -> OM3-012_5 min | C41: {=_xlfn.XLOOKUP(1,(Tbl_Input[Well Position]='Cq and Delta Cq'!A41)*(Tbl_Input[Reporter]='Cq and Delta Cq'!$C$1),Tbl_Input[Cq])} -> Undetermined | D41: {=_xlfn.XLOOKUP(1,(Tbl_Input[Well Position]='Cq and Delta Cq'!A41)*(Tbl_Input[Reporter]='Cq and Delta Cq'!$D$1),Tbl_Input[Cq])} -> Undetermined | E41: {=_xlfn.XLOOKUP(1,(Tbl_Input[Well Position]='Cq and Delta Cq'!A41)*(Tbl_Input[Reporter]='Cq and Delta Cq'!$E$1),Tbl_Input[Cq])} -> 24.298137 | F41: {=_xlfn.XLOOKUP(1,(Tbl_Input[Well Position]='Cq and Delta Cq'!A41)*(Tbl_Input[Reporter]='Cq and Delta Cq'!$F$1),Tbl_Input[Cq])} -> 30.209642 | G41: {=_xlfn.XLOOKUP(1,(Tbl_Input[Well Position]='Cq and Delta Cq'!A41)*(Tbl_Input[Reporter]='Cq and Delta Cq'!$G$1),Tbl_Input[Cq])} -> 33.004026 | I41: =D41-C41 -> #VALUE! | J41: =G41-F41 -> 2.7943834
A42: ='Data Input'!B214 -> D8 | B42: ='Data Input'!D214 -> OM3-012_30 min | C42: {=_xlfn.XLOOKUP(1,(Tbl_Input[Well Position]='Cq and Delta Cq'!A42)*(Tbl_Input[Reporter]='Cq and Delta Cq'!$C$1),Tbl_Input[Cq])} -> Undetermined | D42: {=_xlfn.XLOOKUP(1,(Tbl_Input[Well Position]='Cq and Delta Cq'!A42)*(Tbl_Input[Reporter]='Cq and Delta Cq'!$D$1),Tbl_Input[Cq])} -> Undetermined | E42: {=_xlfn.XLOOKUP(1,(Tbl_Input[Well Position]='Cq and Delta Cq'!A42)*(Tbl_Input[Reporter]='Cq and Delta Cq'!$E$1),Tbl_Input[Cq])} -> 24.059727 | F42: {=_xlfn.XLOOKUP(1,(Tbl_Input[Well Position]='Cq and Delta Cq'!A42)*(Tbl_Input[Reporter]='Cq and Delta Cq'!$F$1),Tbl_Input[Cq])} -> 30.356834 | G42: {=_xlfn.XLOOKUP(1,(Tbl_Input[Well Position]='Cq and Delta Cq'!A42)*(Tbl_Input[Reporter]='Cq and Delta Cq'!$G$1),Tbl_Input[Cq])} -> 31.931044 | I42: =D42-C42 -> #VALUE! | J42: =G42-F42 -> 1.57421
A43: ='Data Input'!B219 -> D9 | B43: ='Data Input'!D219 -> OM3-012_60 min | C43: {=_xlfn.XLOOKUP(1,(Tbl_Input[Well Position]='Cq and Delta Cq'!A43)*(Tbl_Input[Reporter]='Cq and Delta Cq'!$C$1),Tbl_Input[Cq])} -> Undetermined | D43: {=_xlfn.XLOOKUP(1,(Tbl_Input[Well Position]='Cq and Delta Cq'!A43)*(Tbl_Input[Reporter]='Cq and Delta Cq'!$D$1),Tbl_Input[Cq])} -> Undetermined | E43: {=_xlfn.XLOOKUP(1,(Tbl_Input[Well Position]='Cq and Delta Cq'!A43)*(Tbl_Input[Reporter]='Cq and Delta Cq'!$E$1),Tbl_Input[Cq])} -> 25.070184 | F43: {=_xlfn.XLOOKUP(1,(Tbl_Input[Well Position]='Cq and Delta Cq'!A43)*(Tbl_Input[Reporter]='Cq and Delta Cq'!$F$1),Tbl_Input[Cq])} -> 31.101019 | G43: {=_xlfn.XLOOKUP(1,(Tbl_Input[Well Position]='Cq and Delta Cq'!A43)*(Tbl_Input[Reporter]='Cq and Delta Cq'!$G$1),Tbl_Input[Cq])} -> 32.885192 | I43: =D43-C43 -> #VALUE! | J43: =G43-F43 -> 1.7841729
A44: ='Data Input'!B224 -> D10 | B44: ='Data Input'!D224 -> OM3-012_120 min | C44: {=_xlfn.XLOOKUP(1,(Tbl_Input[Well Position]='Cq and Delta Cq'!A44)*(Tbl_Input[Reporter]='Cq and Delta Cq'!$C$1),Tbl_Input[Cq])} -> Undetermined | D44: {=_xlfn.XLOOKUP(1,(Tbl_Input[Well Position]='Cq and Delta Cq'!A44)*(Tbl_Input[Reporter]='Cq and Delta Cq'!$D$1),Tbl_Input[Cq])} -> Undetermined | E44: {=_xlfn.XLOOKUP(1,(Tbl_Input[Well Position]='Cq and Delta Cq'!A44)*(Tbl_Input[Reporter]='Cq and Delta Cq'!$E$1),Tbl_Input[Cq])} -> 26.18001 | F44: {=_xlfn.XLOOKUP(1,(Tbl_Input[Well Position]='Cq and Delta Cq'!A44)*(Tbl_Input[Reporter]='Cq and Delta Cq'!$F$1),Tbl_Input[Cq])} -> 29.131059 | G44: {=_xlfn.XLOOKUP(1,(Tbl_Input[Well Position]='Cq and Delta Cq'!A44)*(Tbl_Input[Reporter]='Cq and Delta Cq'!$G$1),Tbl_Input[Cq])} -> 31.706905 | I44: =D44-C44 -> #VALUE! | J44: =G44-F44 -> 2.575846
A45: ='Data Input'!B229 -> E1 | B45: ='Data Input'!D229 -> OM3-005_0 min | C45: {=_xlfn.XLOOKUP(1,(Tbl_Input[Well Position]='Cq and Delta Cq'!A45)*(Tbl_Input[Reporter]='Cq and Delta Cq'!$C$1),Tbl_Input[Cq])} -> Undetermined | D45: {=_xlfn.XLOOKUP(1,(Tbl_Input[Well Position]='Cq and Delta Cq'!A45)*(Tbl_Input[Reporter]='Cq and Delta Cq'!$D$1),Tbl_Input[Cq])} -> Undetermined | E45: {=_xlfn.XLOOKUP(1,(Tbl_Input[Well Position]='Cq and Delta Cq'!A45)*(Tbl_Input[Reporter]='Cq and Delta Cq'!$E$1),Tbl_Input[Cq])} -> 25.645438 | F45: {=_xlfn.XLOOKUP(1,(Tbl_Input[Well Position]='Cq and Delta Cq'!A45)*(Tbl_Input[Reporter]='Cq and Delta Cq'!$F$1),Tbl_Input[Cq])} -> 27.981736 | G45: {=_xlfn.XLOOKUP(1,(Tbl_Input[Well Position]='Cq and Delta Cq'!A45)*(Tbl_Input[Reporter]='Cq and Delta Cq'!$G$1),Tbl_Input[Cq])} -> 31.256158 | I45: =D45-C45 -> #VALUE! | J45: =G45-F45 -> 3.2744225
A46: ='Data Input'!B234 -> E2 | B46: ='Data Input'!D234 -> OM3-005_5 min | C46: {=_xlfn.XLOOKUP(1,(Tbl_Input[Well Position]='Cq and Delta Cq'!A46)*(Tbl_Input[Reporter]='Cq and Delta Cq'!$C$1),Tbl_Input[Cq])} -> Undetermined | D46: {=_xlfn.XLOOKUP(1,(Tbl_Input[Well Position]='Cq and Delta Cq'!A46)*(Tbl_Input[Reporter]='Cq and Delta Cq'!$D$1),Tbl_Input[Cq])} -> Undetermined | E46: {=_xlfn.XLOOKUP(1,(Tbl_Input[Well Position]='Cq and Delta Cq'!A46)*(Tbl_Input[Reporter]='Cq and Delta Cq'!$E$1),Tbl_Input[Cq])} -> 25.826785 | F46: {=_xlfn.XLOOKUP(1,(Tbl_Input[Well Position]='Cq and Delta Cq'!A46)*(Tbl_Input[Reporter]='Cq and Delta Cq'!$F$1),Tbl_Input[Cq])} -> 28.903358 | G46: {=_xlfn.XLOOKUP(1,(Tbl_Input[Well Position]='Cq and Delta Cq'!A46)*(Tbl_Input[Reporter]='Cq and Delta Cq'!$G$1),Tbl_Input[Cq])} -> 31.458221 | I46: =D46-C46 -> #VALUE! | J46: =G46-F46 -> 2.5548635
A47: ='Data Input'!B239 -> E3 | B47: ='Data Input'!D239 -> OM3-005_30 min | C47: {=_xlfn.XLOOKUP(1,(Tbl_Input[Well Position]='Cq and Delta Cq'!A47)*(Tbl_Input[Reporter]='Cq and Delta Cq'!$C$1),Tbl_Input[Cq])} -> Undetermined | D47: {=_xlfn.XLOOKUP(1,(Tbl_Input[Well Position]='Cq and Delta Cq'!A47)*(Tbl_Input[Reporter]='Cq and Delta Cq'!$D$1),Tbl_Input[Cq])} -> Undetermined | E47: {=_xlfn.XLOOKUP(1,(Tbl_Input[Well Position]='Cq and Delta Cq'!A47)*(Tbl_Input[Reporter]='Cq and Delta Cq'!$E$1),Tbl_Input[Cq])} -> 25.366208 | F47: {=_xlfn.XLOOKUP(1,(Tbl_Input[Well Position]='Cq and Delta Cq'!A47)*(Tbl_Input[Reporter]='Cq and Delta Cq'!$F$1),Tbl_Input[Cq])} -> 28.806146 | G47: {=_xlfn.XLOOKUP(1,(Tbl_Input[Well Position]='Cq and Delta Cq'!A47)*(Tbl_Input[Reporter]='Cq and Delta Cq'!$G$1),Tbl_Input[Cq])} -> 31.746599 | I47: =D47-C47 -> #VALUE! | J47: =G47-F47 -> 2.940453
A48: ='Data Input'!B244 -> E4 | B48: ='Data Input'!D244 -> OM3-005_60 min | C48: {=_xlfn.XLOOKUP(1,(Tbl_Input[Well Position]='Cq and Delta Cq'!A48)*(Tbl_Input[Reporter]='Cq and Delta Cq'!$C$1),Tbl_Input[Cq])} -> Undetermined | D48: {=_xlfn.XLOOKUP(1,(Tbl_Input[Well Position]='Cq and Delta Cq'!A48)*(Tbl_Input[Reporter]='Cq and Delta Cq'!$D$1),Tbl_Input[Cq])} -> Undetermined | E48: {=_xlfn.XLOOKUP(1,(Tbl_Input[Well Position]='Cq and Delta Cq'!A48)*(Tbl_Input[Reporter]='Cq and Delta Cq'!$E$1),Tbl_Input[Cq])} -> 26.812115 | F48: {=_xlfn.XLOOKUP(1,(Tbl_Input[Well Position]='Cq and Delta Cq'!A48)*(Tbl_Input[Reporter]='Cq and Delta Cq'!$F$1),Tbl_Input[Cq])} -> 30.838712 | G48: {=_xlfn.XLOOKUP(1,(Tbl_Input[Well Position]='Cq and Delta Cq'!A48)*(Tbl_Input[Reporter]='Cq and Delta Cq'!$G$1),Tbl_Input[Cq])} -> 32.904757 | I48: =D48-C48 -> #VALUE! | J48: =G48-F48 -> 2.0660456
A49: ='Data Input'!B249 -> E5 | B49: ='Data Input'!D249 -> OM3-005_120 min | C49: {=_xlfn.XLOOKUP(1,(Tbl_Input[Well Position]='Cq and Delta Cq'!A49)*(Tbl_Input[Reporter]='Cq and Delta Cq'!$C$1),Tbl_Input[Cq])} -> Undetermined | D49: {=_xlfn.XLOOKUP(1,(Tbl_Input[Well Position]='Cq and Delta Cq'!A49)*(Tbl_Input[Reporter]='Cq and Delta Cq'!$D$1),Tbl_Input[Cq])} -> Undetermined | E49: {=_xlfn.XLOOKUP(1,(Tbl_Input[Well Position]='Cq and Delta Cq'!A49)*(Tbl_Input[Reporter]='Cq and Delta Cq'!$E$1),Tbl_Input[Cq])} -> 23.449032 | F49: {=_xlfn.XLOOKUP(1,(Tbl_Input[Well Position]='Cq and Delta Cq'!A49)*(Tbl_Input[Reporter]='Cq and Delta Cq'!$F$1),Tbl_Input[Cq])} -> 27.080007 | G49: {=_xlfn.XLOOKUP(1,(Tbl_Input[Well Position]='Cq and Delta Cq'!A49)*(Tbl_Input[Reporter]='Cq and Delta Cq'!$G$1),Tbl_Input[Cq])} -> 29.676808 | I49: =D49-C49 -> #VALUE! | J49: =G49-F49 -> 2.5968009
A50: ='Data Input'!B254 -> E6 | B50: ='Data Input'!D254 -> OM3-013_0 min | C50: {=_xlfn.XLOOKUP(1,(Tbl_Input[Well Position]='Cq and Delta Cq'!A50)*(Tbl_Input[Reporter]='Cq and Delta Cq'!$C$1),Tbl_Input[Cq])} -> Undetermined | D50: {=_xlfn.XLOOKUP(1,(Tbl_Input[Well Position]='Cq and Delta Cq'!A50)*(Tbl_Input[Reporter]='Cq and Delta Cq'!$D$1),Tbl_Input[Cq])} -> Undetermined | E50: {=_xlfn.XLOOKUP(1,(Tbl_Input[Well Position]='Cq and Delta Cq'!A50)*(Tbl_Input[Reporter]='Cq and Delta Cq'!$E$1),Tbl_Input[Cq])} -> 22.743009 | F50: {=_xlfn.XLOOKUP(1,(Tbl_Input[Well Position]='Cq and Delta Cq'!A50)*(Tbl_Input[Reporter]='Cq and Delta Cq'!$F$1),Tbl_Input[Cq])} -> 22.435158 | G50: {=_xlfn.XLOOKUP(1,(Tbl_Input[Well Position]='Cq and Delta Cq'!A50)*(Tbl_Input[Reporter]='Cq and Delta Cq'!$G$1),Tbl_Input[Cq])} -> 26.997738 | I50: =D50-C50 -> #VALUE! | J50: =G50-F50 -> 4.5625801
A51: ='Data Input'!B259 -> E7 | B51: ='Data Input'!D259 -> OM3-013_5 min | C51: {=_xlfn.XLOOKUP(1,(Tbl_Input[Well Position]='Cq and Delta Cq'!A51)*(Tbl_Input[Reporter]='Cq and Delta Cq'!$C$1),Tbl_Input[Cq])} -> Undetermined | D51: {=_xlfn.XLOOKUP(1,(Tbl_Input[Well Position]='Cq and Delta Cq'!A51)*(Tbl_Input[Reporter]='Cq and Delta Cq'!$D$1),Tbl_Input[Cq])} -> Undetermined | E51: {=_xlfn.XLOOKUP(1,(Tbl_Input[Well Position]='Cq and Delta Cq'!A51)*(Tbl_Input[Reporter]='Cq and Delta Cq'!$E$1),Tbl_Input[Cq])} -> 22.984876 | F51: {=_xlfn.XLOOKUP(1,(Tbl_Input[Well Position]='Cq and Delta Cq'!A51)*(Tbl_Input[Reporter]='Cq and Delta Cq'!$F$1),Tbl_Input[Cq])} -> 20.821242 | G51: {=_xlfn.XLOOKUP(1,(Tbl_Input[Well Position]='Cq and Delta Cq'!A51)*(Tbl_Input[Reporter]='Cq and Delta Cq'!$G$1),Tbl_Input[Cq])} -> 25.19804 | I51: =D51-C51 -> #VALUE! | J51: =G51-F51 -> 4.3767976
A52: ='Data Input'!B264 -> E8 | B52: ='Data Input'!D264 -> OM3-013_30 min | C52: {=_xlfn.XLOOKUP(1,(Tbl_Input[Well Position]='Cq and Delta Cq'!A52)*(Tbl_Input[Reporter]='Cq and Delta Cq'!$C$1),Tbl_Input[Cq])} -> Undetermined | D52: {=_xlfn.XLOOKUP(1,(Tbl_Input[Well Position]='Cq and Delta Cq'!A52)*(Tbl_Input[Reporter]='Cq and Delta Cq'!$D$1),Tbl_Input[Cq])} -> Undetermined | E52: {=_xlfn.XLOOKUP(1,(Tbl_Input[Well Position]='Cq and Delta Cq'!A52)*(Tbl_Input[Reporter]='Cq and Delta Cq'!$E$1),Tbl_Input[Cq])} -> 23.266101 | F52: {=_xlfn.XLOOKUP(1,(Tbl_Input[Well Position]='Cq and Delta Cq'!A52)*(Tbl_Input[Reporter]='Cq and Delta Cq'!$F$1),Tbl_Input[Cq])} -> 21.642661 | G52: {=_xlfn.XLOOKUP(1,(Tbl_Input[Well Position]='Cq and Delta Cq'!A52)*(Tbl_Input[Reporter]='Cq and Delta Cq'!$G$1),Tbl_Input[Cq])} -> 26.175368 | I52: =D52-C52 -> #VALUE! | J52: =G52-F52 -> 4.5327062
A53: ='Data Input'!B269 -> E9 | B53: ='Data Input'!D269 -> OM3-013_60 min | C53: {=_xlfn.XLOOKUP(1,(Tbl_Input[Well Position]='Cq and Delta Cq'!A53)*(Tbl_Input[Reporter]='Cq and Delta Cq'!$C$1),Tbl_Input[Cq])} -> Undetermined | D53: {=_xlfn.XLOOKUP(1,(Tbl_Input[Well Position]='Cq and Delta Cq'!A53)*(Tbl_Input[Reporter]='Cq and Delta Cq'!$D$1),Tbl_Input[Cq])} -> Undetermined | E53: {=_xlfn.XLOOKUP(1,(Tbl_Input[Well Position]='Cq and Delta Cq'!A53)*(Tbl_Input[Reporter]='Cq and Delta Cq'!$E$1),Tbl_Input[Cq])} -> 24.099491 | F53: {=_xlfn.XLOOKUP(1,(Tbl_Input[Well Position]='Cq and Delta Cq'!A53)*(Tbl_Input[Reporter]='Cq and Delta Cq'!$F$1),Tbl_Input[Cq])} -> 23.287059 | G53: {=_xlfn.XLOOKUP(1,(Tbl_Input[Well Position]='Cq and Delta Cq'!A53)*(Tbl_Input[Reporter]='Cq and Delta Cq'!$G$1),Tbl_Input[Cq])} -> 27.223302 | I53: =D53-C53 -> #VALUE! | J53: =G53-F53 -> 3.9362428
A54: ='Data Input'!B274 -> E10 | B54: ='Data Input'!D274 -> OM3-013_120 min | C54: {=_xlfn.XLOOKUP(1,(Tbl_Input[Well Position]='Cq and Delta Cq'!A54)*(Tbl_Input[Reporter]='Cq and Delta Cq'!$C$1),Tbl_Input[Cq])} -> Undetermined | D54: {=_xlfn.XLOOKUP(1,(Tbl_Input[Well Position]='Cq and Delta Cq'!A54)*(Tbl_Input[Reporter]='Cq and Delta Cq'!$D$1),Tbl_Input[Cq])} -> Undetermined | E54: {=_xlfn.XLOOKUP(1,(Tbl_Input[Well Position]='Cq and Delta Cq'!A54)*(Tbl_Input[Reporter]='Cq and Delta Cq'!$E$1),Tbl_Input[Cq])} -> 23.032976 | F54: {=_xlfn.XLOOKUP(1,(Tbl_Input[Well Position]='Cq and Delta Cq'!A54)*(Tbl_Input[Reporter]='Cq and Delta Cq'!$F$1),Tbl_Input[Cq])} -> 20.749171 | G54: {=_xlfn.XLOOKUP(1,(Tbl_Input[Well Position]='Cq and Delta Cq'!A54)*(Tbl_Input[Reporter]='Cq and Delta Cq'!$G$1),Tbl_Input[Cq])} -> 25.429101 | I54: =D54-C54 -> #VALUE! | J54: =G54-F54 -> 4.6799297
A55: ='Data Input'!B279 -> F1 | B55: ='Data Input'!D279 -> OM3-006_0 min | C55: {=_xlfn.XLOOKUP(1,(Tbl_Input[Well Position]='Cq and Delta Cq'!A55)*(Tbl_Input[Reporter]='Cq and Delta Cq'!$C$1),Tbl_Input[Cq])} -> Undetermined | D55: {=_xlfn.XLOOKUP(1,(Tbl_Input[Well Position]='Cq and Delta Cq'!A55)*(Tbl_Input[Reporter]='Cq and Delta Cq'!$D$1),Tbl_Input[Cq])} -> Undetermined | E55: {=_xlfn.XLOOKUP(1,(Tbl_Input[Well Position]='Cq and Delta Cq'!A55)*(Tbl_Input[Reporter]='Cq and Delta Cq'!$E$1),Tbl_Input[Cq])} -> 24.534077 | F55: {=_xlfn.XLOOKUP(1,(Tbl_Input[Well Position]='Cq and Delta Cq'!A55)*(Tbl_Input[Reporter]='Cq and Delta Cq'!$F$1),Tbl_Input[Cq])} -> 25.10491 | G55: {=_xlfn.XLOOKUP(1,(Tbl_Input[Well Position]='Cq and Delta Cq'!A55)*(Tbl_Input[Reporter]='Cq and Delta Cq'!$G$1),Tbl_Input[Cq])} -> 27.67243 | I55: =D55-C55 -> #VALUE! | J55: =G55-F55 -> 2.5675206
A56: ='Data Input'!B284 -> F2 | B56: ='Data Input'!D284 -> OM3-006_5 min | C56: {=_xlfn.XLOOKUP(1,(Tbl_Input[Well Position]='Cq and Delta Cq'!A56)*(Tbl_Input[Reporter]='Cq and Delta Cq'!$C$1),Tbl_Input[Cq])} -> Undetermined | D56: {=_xlfn.XLOOKUP(1,(Tbl_Input[Well Position]='Cq and Delta Cq'!A56)*(Tbl_Input[Reporter]='Cq and Delta Cq'!$D$1),Tbl_Input[Cq])} -> Undetermined | E56: {=_xlfn.XLOOKUP(1,(Tbl_Input[Well Position]='Cq and Delta Cq'!A56)*(Tbl_Input[Reporter]='Cq and Delta Cq'!$E$1),Tbl_Input[Cq])} -> 26.419602 | F56: {=_xlfn.XLOOKUP(1,(Tbl_Input[Well Position]='Cq and Delta Cq'!A56)*(Tbl_Input[Reporter]='Cq and Delta Cq'!$F$1),Tbl_Input[Cq])} -> 26.807122 | G56: {=_xlfn.XLOOKUP(1,(Tbl_Input[Well Position]='Cq and Delta Cq'!A56)*(Tbl_Input[Reporter]='Cq and Delta Cq'!$G$1),Tbl_Input[Cq])} -> 28.971424 | I56: =D56-C56 -> #VALUE! | J56: =G56-F56 -> 2.1643019
A57: ='Data Input'!B289 -> F3 | B57: ='Data Input'!D289 -> OM3-006_30 min | C57: {=_xlfn.XLOOKUP(1,(Tbl_Input[Well Position]='Cq and Delta Cq'!A57)*(Tbl_Input[Reporter]='Cq and Delta Cq'!$C$1),Tbl_Input[Cq])} -> Undetermined | D57: {=_xlfn.XLOOKUP(1,(Tbl_Input[Well Position]='Cq and Delta Cq'!A57)*(Tbl_Input[Reporter]='Cq and Delta Cq'!$D$1),Tbl_Input[Cq])} -> Undetermined | E57: {=_xlfn.XLOOKUP(1,(Tbl_Input[Well Position]='Cq and Delta Cq'!A57)*(Tbl_Input[Reporter]='Cq and Delta Cq'!$E$1),Tbl_Input[Cq])} -> 24.332656 | F57: {=_xlfn.XLOOKUP(1,(Tbl_Input[Well Position]='Cq and Delta Cq'!A57)*(Tbl_Input[Reporter]='Cq and Delta Cq'!$F$1),Tbl_Input[Cq])} -> 25.070719 | G57: {=_xlfn.XLOOKUP(1,(Tbl_Input[Well Position]='Cq and Delta Cq'!A57)*(Tbl_Input[Reporter]='Cq and Delta Cq'!$G$1),Tbl_Input[Cq])} -> 27.337993 | I57: =D57-C57 -> #VALUE! | J57: =G57-F57 -> 2.2672732
A58: ='Data Input'!B294 -> F4 | B58: ='Data Input'!D294 -> OM3-006_60 min | C58: {=_xlfn.XLOOKUP(1,(Tbl_Input[Well Position]='Cq and Delta Cq'!A58)*(Tbl_Input[Reporter]='Cq and Delta Cq'!$C$1),Tbl_Input[Cq])} -> Undetermined | D58: {=_xlfn.XLOOKUP(1,(Tbl_Input[Well Position]='Cq and Delta Cq'!A58)*(Tbl_Input[Reporter]='Cq and Delta Cq'!$D$1),Tbl_Input[Cq])} -> Undetermined | E58: {=_xlfn.XLOOKUP(1,(Tbl_Input[Well Position]='Cq and Delta Cq'!A58)*(Tbl_Input[Reporter]='Cq and Delta Cq'!$E$1),Tbl_Input[Cq])} -> 24.497171 | F58: {=_xlfn.XLOOKUP(1,(Tbl_Input[Well Position]='Cq and Delta Cq'!A58)*(Tbl_Input[Reporter]='Cq and Delta Cq'!$F$1),Tbl_Input[Cq])} -> 24.333196 | G58: {=_xlfn.XLOOKUP(1,(Tbl_Input[Well Position]='Cq and Delta Cq'!A58)*(Tbl_Input[Reporter]='Cq and Delta Cq'!$G$1),Tbl_Input[Cq])} -> 27.205412 | I58: =D58-C58 -> #VALUE! | J58: =G58-F58 -> 2.8722157
A59: ='Data Input'!B299 -> F5 | B59: ='Data Input'!D299 -> OM3-006_120 min | C59: {=_xlfn.XLOOKUP(1,(Tbl_Input[Well Position]='Cq and Delta Cq'!A59)*(Tbl_Input[Reporter]='Cq and Delta Cq'!$C$1),Tbl_Input[Cq])} -> Undetermined | D59: {=_xlfn.XLOOKUP(1,(Tbl_Input[Well Position]='Cq and Delta Cq'!A59)*(Tbl_Input[Reporter]='Cq and Delta Cq'!$D$1),Tbl_Input[Cq])} -> Undetermined | E59: {=_xlfn.XLOOKUP(1,(Tbl_Input[Well Position]='Cq and Delta Cq'!A59)*(Tbl_Input[Reporter]='Cq and Delta Cq'!$E$1),Tbl_Input[Cq])} -> 24.724586 | F59: {=_xlfn.XLOOKUP(1,(Tbl_Input[Well Position]='Cq and Delta Cq'!A59)*(Tbl_Input[Reporter]='Cq and Delta Cq'!$F$1),Tbl_Input[Cq])} -> 24.602998 | G59: {=_xlfn.XLOOKUP(1,(Tbl_Input[Well Position]='Cq and Delta Cq'!A59)*(Tbl_Input[Reporter]='Cq and Delta Cq'!$G$1),Tbl_Input[Cq])} -> 27.453545 | I59: =D59-C59 -> #VALUE! | J59: =G59-F59 -> 2.8505472
A60: ='Data Input'!B304 -> F6 | B60: ='Data Input'!D304 -> OM3-014_0 min | C60: {=_xlfn.XLOOKUP(1,(Tbl_Input[Well Position]='Cq and Delta Cq'!A60)*(Tbl_Input[Reporter]='Cq and Delta Cq'!$C$1),Tbl_Input[Cq])} -> Undetermined | D60: {=_xlfn.XLOOKUP(1,(Tbl_Input[Well Position]='Cq and Delta Cq'!A60)*(Tbl_Input[Reporter]='Cq and Delta Cq'!$D$1),Tbl_Input[Cq])} -> Undetermined | E60: {=_xlfn.XLOOKUP(1,(Tbl_Input[Well Position]='Cq and Delta Cq'!A60)*(Tbl_Input[Reporter]='Cq and Delta Cq'!$E$1),Tbl_Input[Cq])} -> 24.406296 | F60: {=_xlfn.XLOOKUP(1,(Tbl_Input[Well Position]='Cq and Delta Cq'!A60)*(Tbl_Input[Reporter]='Cq and Delta Cq'!$F$1),Tbl_Input[Cq])} -> Undetermined | G60: {=_xlfn.XLOOKUP(1,(Tbl_Input[Well Position]='Cq and Delta Cq'!A60)*(Tbl_Input[Reporter]='Cq and Delta Cq'!$G$1),Tbl_Input[Cq])} -> Undetermined | I60: =D60-C60 -> #VALUE! | J60: =G60-F60 -> #VALUE!
A61: ='Data Input'!B309 -> F7 | B61: ='Data Input'!D309 -> OM3-014_5 min | C61: {=_xlfn.XLOOKUP(1,(Tbl_Input[Well Position]='Cq and Delta Cq'!A61)*(Tbl_Input[Reporter]='Cq and Delta Cq'!$C$1),Tbl_Input[Cq])} -> Undetermined | D61: {=_xlfn.XLOOKUP(1,(Tbl_Input[Well Position]='Cq and Delta Cq'!A61)*(Tbl_Input[Reporter]='Cq and Delta Cq'!$D$1),Tbl_Input[Cq])} -> Undetermined | E61: {=_xlfn.XLOOKUP(1,(Tbl_Input[Well Position]='Cq and Delta Cq'!A61)*(Tbl_Input[Reporter]='Cq and Delta Cq'!$E$1),Tbl_Input[Cq])} -> 25.940286 | F61: {=_xlfn.XLOOKUP(1,(Tbl_Input[Well Position]='Cq and Delta Cq'!A61)*(Tbl_Input[Reporter]='Cq and Delta Cq'!$F$1),Tbl_Input[Cq])} -> 34.285001 | G61: {=_xlfn.XLOOKUP(1,(Tbl_Input[Well Position]='Cq and Delta Cq'!A61)*(Tbl_Input[Reporter]='Cq and Delta Cq'!$G$1),Tbl_Input[Cq])} -> 35.414424 | I61: =D61-C61 -> #VALUE! | J61: =G61-F61 -> 1.1294231
A62: ='Data Input'!B314 -> F8 | B62: ='Data Input'!D314 -> OM3-014_30 min | C62: {=_xlfn.XLOOKUP(1,(Tbl_Input[Well Position]='Cq and Delta Cq'!A62)*(Tbl_Input[Reporter]='Cq and Delta Cq'!$C$1),Tbl_Input[Cq])} -> Undetermined | D62: {=_xlfn.XLOOKUP(1,(Tbl_Input[Well Position]='Cq and Delta Cq'!A62)*(Tbl_Input[Reporter]='Cq and Delta Cq'!$D$1),Tbl_Input[Cq])} -> Undetermined | E62: {=_xlfn.XLOOKUP(1,(Tbl_Input[Well Position]='Cq and Delta Cq'!A62)*(Tbl_Input[Reporter]='Cq and Delta Cq'!$E$1),Tbl_Input[Cq])} -> 27.012881 | F62: {=_xlfn.XLOOKUP(1,(Tbl_Input[Well Position]='Cq and Delta Cq'!A62)*(Tbl_Input[Reporter]='Cq and Delta Cq'!$F$1),Tbl_Input[Cq])} -> Undetermined | G62: {=_xlfn.XLOOKUP(1,(Tbl_Input[Well Position]='Cq and Delta Cq'!A62)*(Tbl_Input[Reporter]='Cq and Delta Cq'!$G$1),Tbl_Input[Cq])} -> Undetermined | I62: =D62-C62 -> #VALUE! | J62: =G62-F62 -> #VALUE!
A63: ='Data Input'!B319 -> F9 | B63: ='Data Input'!D319 -> OM3-014_60 min | C63: {=_xlfn.XLOOKUP(1,(Tbl_Input[Well Position]='Cq and Delta Cq'!A63)*(Tbl_Input[Reporter]='Cq and Delta Cq'!$C$1),Tbl_Input[Cq])} -> Undetermined | D63: {=_xlfn.XLOOKUP(1,(Tbl_Input[Well Position]='Cq and Delta Cq'!A63)*(Tbl_Input[Reporter]='Cq and Delta Cq'!$D$1),Tbl_Input[Cq])} -> Undetermined | E63: {=_xlfn.XLOOKUP(1,(Tbl_Input[Well Position]='Cq and Delta Cq'!A63)*(Tbl_Input[Reporter]='Cq and Delta Cq'!$E$1),Tbl_Input[Cq])} -> 25.191293 | F63: {=_xlfn.XLOOKUP(1,(Tbl_Input[Well Position]='Cq and Delta Cq'!A63)*(Tbl_Input[Reporter]='Cq and Delta Cq'!$F$1),Tbl_Input[Cq])} -> 34.892702 | G63: {=_xlfn.XLOOKUP(1,(Tbl_Input[Well Position]='Cq and Delta Cq'!A63)*(Tbl_Input[Reporter]='Cq and Delta Cq'!$G$1),Tbl_Input[Cq])} -> 38.334887 | I63: =D63-C63 -> #VALUE! | J63: =G63-F63 -> 3.4421854
A64: ='Data Input'!B324 -> F10 | B64: ='Data Input'!D324 -> OM3-014_120 min | C64: {=_xlfn.XLOOKUP(1,(Tbl_Input[Well Position]='Cq and Delta Cq'!A64)*(Tbl_Input[Reporter]='Cq and Delta Cq'!$C$1),Tbl_Input[Cq])} -> Undetermined | D64: {=_xlfn.XLOOKUP(1,(Tbl_Input[Well Position]='Cq and Delta Cq'!A64)*(Tbl_Input[Reporter]='Cq and Delta Cq'!$D$1),Tbl_Input[Cq])} -> Undetermined | E64: {=_xlfn.XLOOKUP(1,(Tbl_Input[Well Position]='Cq and Delta Cq'!A64)*(Tbl_Input[Reporter]='Cq and Delta Cq'!$E$1),Tbl_Input[Cq])} -> 26.58597 | F64: {=_xlfn.XLOOKUP(1,(Tbl_Input[Well Position]='Cq and Delta Cq'!A64)*(Tbl_Input[Reporter]='Cq and Delta Cq'!$F$1),Tbl_Input[Cq])} -> 40.729108 | G64: {=_xlfn.XLOOKUP(1,(Tbl_Input[Well Position]='Cq and Delta Cq'!A64)*(Tbl_Input[Reporter]='Cq and Delta Cq'!$G$1),Tbl_Input[Cq])} -> Undetermined | I64: =D64-C64 -> #VALUE! | J64: =G64-F64 -> #VALUE!
A65: ='Data Input'!B329 -> G1 | B65: ='Data Input'!D329 -> OM3-007_0 min | C65: {=_xlfn.XLOOKUP(1,(Tbl_Input[Well Position]='Cq and Delta Cq'!A65)*(Tbl_Input[Reporter]='Cq and Delta Cq'!$C$1),Tbl_Input[Cq])} -> Undetermined | D65: {=_xlfn.XLOOKUP(1,(Tbl_Input[Well Position]='Cq and Delta Cq'!A65)*(Tbl_Input[Reporter]='Cq and Delta Cq'!$D$1),Tbl_Input[Cq])} -> Undetermined | E65: {=_xlfn.XLOOKUP(1,(Tbl_Input[Well Position]='Cq and Delta Cq'!A65)*(Tbl_Input[Reporter]='Cq and Delta Cq'!$E$1),Tbl_Input[Cq])} -> 24.552682 | F65: {=_xlfn.XLOOKUP(1,(Tbl_Input[Well Position]='Cq and Delta Cq'!A65)*(Tbl_Input[Reporter]='Cq and Delta Cq'!$F$1),Tbl_Input[Cq])} -> 29.130099 | G65: {=_xlfn.XLOOKUP(1,(Tbl_Input[Well Position]='Cq and Delta Cq'!A65)*(Tbl_Input[Reporter]='Cq and Delta Cq'!$G$1),Tbl_Input[Cq])} -> 31.000404 | I65: =D65-C65 -> #VALUE! | J65: =G65-F65 -> 1.8703049
A66: ='Data Input'!B334 -> G2 | B66: ='Data Input'!D334 -> OM3-007_5 min | C66: {=_xlfn.XLOOKUP(1,(Tbl_Input[Well Position]='Cq and Delta Cq'!A66)*(Tbl_Input[Reporter]='Cq and Delta Cq'!$C$1),Tbl_Input[Cq])} -> Undetermined | D66: {=_xlfn.XLOOKUP(1,(Tbl_Input[Well Position]='Cq and Delta Cq'!A66)*(Tbl_Input[Reporter]='Cq and Delta Cq'!$D$1),Tbl_Input[Cq])} -> Undetermined | E66: {=_xlfn.XLOOKUP(1,(Tbl_Input[Well Position]='Cq and Delta Cq'!A66)*(Tbl_Input[Reporter]='Cq and Delta Cq'!$E$1),Tbl_Input[Cq])} -> 25.850524 | F66: {=_xlfn.XLOOKUP(1,(Tbl_Input[Well Position]='Cq and Delta Cq'!A66)*(Tbl_Input[Reporter]='Cq and Delta Cq'!$F$1),Tbl_Input[Cq])} -> 30.15534 | G66: {=_xlfn.XLOOKUP(1,(Tbl_Input[Well Position]='Cq and Delta Cq'!A66)*(Tbl_Input[Reporter]='Cq and Delta Cq'!$G$1),Tbl_Input[Cq])} -> 32.162007 | I66: =D66-C66 -> #VALUE! | J66: =G66-F66 -> 2.0066667
A67: ='Data Input'!B339 -> G3 | B67: ='Data Input'!D339 -> OM3-007_30 min | C67: {=_xlfn.XLOOKUP(1,(Tbl_Input[Well Position]='Cq and Delta Cq'!A67)*(Tbl_Input[Reporter]='Cq and Delta Cq'!$C$1),Tbl_Input[Cq])} -> Undetermined | D67: {=_xlfn.XLOOKUP(1,(Tbl_Input[Well Position]='Cq and Delta Cq'!A67)*(Tbl_Input[Reporter]='Cq and Delta Cq'!$D$1),Tbl_Input[Cq])} -> Undetermined | E67: {=_xlfn.XLOOKUP(1,(Tbl_Input[Well Position]='Cq and Delta Cq'!A67)*(Tbl_Input[Reporter]='Cq and Delta Cq'!$E$1),Tbl_Input[Cq])} -> 26.057923 | F67: {=_xlfn.XLOOKUP(1,(Tbl_Input[Well Position]='Cq and Delta Cq'!A67)*(Tbl_Input[Reporter]='Cq and Delta Cq'!$F$1),Tbl_Input[Cq])} -> 30.986399 | G67: {=_xlfn.XLOOKUP(1,(Tbl_Input[Well Position]='Cq and Delta Cq'!A67)*(Tbl_Input[Reporter]='Cq and Delta Cq'!$G$1),Tbl_Input[Cq])} -> 32.503211 | I67: =D67-C67 -> #VALUE! | J67: =G67-F67 -> 1.5168118
A68: ='Data Input'!B344 -> G4 | B68: ='Data Input'!D344 -> OM3-007_60 min | C68: {=_xlfn.XLOOKUP(1,(Tbl_Input[Well Position]='Cq and Delta Cq'!A68)*(Tbl_Input[Reporter]='Cq and Delta Cq'!$C$1),Tbl_Input[Cq])} -> Undetermined | D68: {=_xlfn.XLOOKUP(1,(Tbl_Input[Well Position]='Cq and Delta Cq'!A68)*(Tbl_Input[Reporter]='Cq and Delta Cq'!$D$1),Tbl_Input[Cq])} -> Undetermined | E68: {=_xlfn.XLOOKUP(1,(Tbl_Input[Well Position]='Cq and Delta Cq'!A68)*(Tbl_Input[Reporter]='Cq and Delta Cq'!$E$1),Tbl_Input[Cq])} -> 24.689131 | F68: {=_xlfn.XLOOKUP(1,(Tbl_Input[Well Position]='Cq and Delta Cq'!A68)*(Tbl_Input[Reporter]='Cq and Delta Cq'!$F$1),Tbl_Input[Cq])} -> 28.697202 | G68: {=_xlfn.XLOOKUP(1,(Tbl_Input[Well Position]='Cq and Delta Cq'!A68)*(Tbl_Input[Reporter]='Cq and Delta Cq'!$G$1),Tbl_Input[Cq])} -> 30.71747 | I68: =D68-C68 -> #VALUE! | J68: =G68-F68 -> 2.0202679
A69: ='Data Input'!B349 -> G5 | B69: ='Data Input'!D349 -> OM3-007_120 min | C69: {=_xlfn.XLOOKUP(1,(Tbl_Input[Well Position]='Cq and Delta Cq'!A69)*(Tbl_Input[Reporter]='Cq and Delta Cq'!$C$1),Tbl_Input[Cq])} -> Undetermined | D69: {=_xlfn.XLOOKUP(1,(Tbl_Input[Well Position]='Cq and Delta Cq'!A69)*(Tbl_Input[Reporter]='Cq and Delta Cq'!$D$1),Tbl_Input[Cq])} -> Undetermined | E69: {=_xlfn.XLOOKUP(1,(Tbl_Input[Well Position]='Cq and Delta Cq'!A69)*(Tbl_Input[Reporter]='Cq and Delta Cq'!$E$1),Tbl_Input[Cq])} -> 23.688705 | F69: {=_xlfn.XLOOKUP(1,(Tbl_Input[Well Position]='Cq and Delta Cq'!A69)*(Tbl_Input[Reporter]='Cq and Delta Cq'!$F$1),Tbl_Input[Cq])} -> 28.777063 | G69: {=_xlfn.XLOOKUP(1,(Tbl_Input[Well Position]='Cq and Delta Cq'!A69)*(Tbl_Input[Reporter]='Cq and Delta Cq'!$G$1),Tbl_Input[Cq])} -> 30.460897 | I69: =D69-C69 -> #VALUE! | J69: =G69-F69 -> 1.6838336
A70: ='Data Input'!B354 -> G6 | B70: ='Data Input'!D354 -> OM3-015_0 min | C70: {=_xlfn.XLOOKUP(1,(Tbl_Input[Well Position]='Cq and Delta Cq'!A70)*(Tbl_Input[Reporter]='Cq and Delta Cq'!$C$1),Tbl_Input[Cq])} -> Undetermined | D70: {=_xlfn.XLOOKUP(1,(Tbl_Input[Well Position]='Cq and Delta Cq'!A70)*(Tbl_Input[Reporter]='Cq and Delta Cq'!$D$1),Tbl_Input[Cq])} -> Undetermined | E70: {=_xlfn.XLOOKUP(1,(Tbl_Input[Well Position]='Cq and Delta Cq'!A70)*(Tbl_Input[Reporter]='Cq and Delta Cq'!$E$1),Tbl_Input[Cq])} -> 22.590111 | F70: {=_xlfn.XLOOKUP(1,(Tbl_Input[Well Position]='Cq and Delta Cq'!A70)*(Tbl_Input[Reporter]='Cq and Delta Cq'!$F$1),Tbl_Input[Cq])} -> 26.192135 | G70: {=_xlfn.XLOOKUP(1,(Tbl_Input[Well Position]='Cq and Delta Cq'!A70)*(Tbl_Input[Reporter]='Cq and Delta Cq'!$G$1),Tbl_Input[Cq])} -> 27.649557 | I70: =D70-C70 -> #VALUE! | J70: =G70-F70 -> 1.4574219
A71: ='Data Input'!B359 -> G7 | B71: ='Data Input'!D359 -> OM3-015_5 min | C71: {=_xlfn.XLOOKUP(1,(Tbl_Input[Well Position]='Cq and Delta Cq'!A71)*(Tbl_Input[Reporter]='Cq and Delta Cq'!$C$1),Tbl_Input[Cq])} -> Undetermined | D71: {=_xlfn.XLOOKUP(1,(Tbl_Input[Well Position]='Cq and Delta Cq'!A71)*(Tbl_Input[Reporter]='Cq and Delta Cq'!$D$1),Tbl_Input[Cq])} -> Undetermined | E71: {=_xlfn.XLOOKUP(1,(Tbl_Input[Well Position]='Cq and Delta Cq'!A71)*(Tbl_Input[Reporter]='Cq and Delta Cq'!$E$1),Tbl_Input[Cq])} -> 23.868981 | F71: {=_xlfn.XLOOKUP(1,(Tbl_Input[Well Position]='Cq and Delta Cq'!A71)*(Tbl_Input[Reporter]='Cq and Delta Cq'!$F$1),Tbl_Input[Cq])} -> 28.189199 | G71: {=_xlfn.XLOOKUP(1,(Tbl_Input[Well Position]='Cq and Delta Cq'!A71)*(Tbl_Input[Reporter]='Cq and Delta Cq'!$G$1),Tbl_Input[Cq])} -> 29.017571 | I71: =D71-C71 -> #VALUE! | J71: =G71-F71 -> 0.82837196
A72: ='Data Input'!B364 -> G8 | B72: ='Data Input'!D364 -> OM3-015_30 min | C72: {=_xlfn.XLOOKUP(1,(Tbl_Input[Well Position]='Cq and Delta Cq'!A72)*(Tbl_Input[Reporter]='Cq and Delta Cq'!$C$1),Tbl_Input[Cq])} -> Undetermined | D72: {=_xlfn.XLOOKUP(1,(Tbl_Input[Well Position]='Cq and Delta Cq'!A72)*(Tbl_Input[Reporter]='Cq and Delta Cq'!$D$1),Tbl_Input[Cq])} -> Undetermined | E72: {=_xlfn.XLOOKUP(1,(Tbl_Input[Well Position]='Cq and Delta Cq'!A72)*(Tbl_Input[Reporter]='Cq and Delta Cq'!$E$1),Tbl_Input[Cq])} -> 24.254688 | F72: {=_xlfn.XLOOKUP(1,(Tbl_Input[Well Position]='Cq and Delta Cq'!A72)*(Tbl_Input[Reporter]='Cq and Delta Cq'!$F$1),Tbl_Input[Cq])} -> 25.991438 | G72: {=_xlfn.XLOOKUP(1,(Tbl_Input[Well Position]='Cq and Delta Cq'!A72)*(Tbl_Input[Reporter]='Cq and Delta Cq'!$G$1),Tbl_Input[Cq])} -> 28.443014 | I72: =D72-C72 -> #VALUE! | J72: =G72-F72 -> 2.4515757
A73: ='Data Input'!B369 -> G9 | B73: ='Data Input'!D369 -> OM3-015_60 min | C73: {=_xlfn.XLOOKUP(1,(Tbl_Input[Well Position]='Cq and Delta Cq'!A73)*(Tbl_Input[Reporter]='Cq and Delta Cq'!$C$1),Tbl_Input[Cq])} -> Undetermined | D73: {=_xlfn.XLOOKUP(1,(Tbl_Input[Well Position]='Cq and Delta Cq'!A73)*(Tbl_Input[Reporter]='Cq and Delta Cq'!$D$1),Tbl_Input[Cq])} -> Undetermined | E73: {=_xlfn.XLOOKUP(1,(Tbl_Input[Well Position]='Cq and Delta Cq'!A73)*(Tbl_Input[Reporter]='Cq and Delta Cq'!$E$1),Tbl_Input[Cq])} -> 23.979846 | F73: {=_xlfn.XLOOKUP(1,(Tbl_Input[Well Position]='Cq and Delta Cq'!A73)*(Tbl_Input[Reporter]='Cq and Delta Cq'!$F$1),Tbl_Input[Cq])} -> 25.96667 | G73: {=_xlfn.XLOOKUP(1,(Tbl_Input[Well Position]='Cq and Delta Cq'!A73)*(Tbl_Input[Reporter]='Cq and Delta Cq'!$G$1),Tbl_Input[Cq])} -> 27.638955 | I73: =D73-C73 -> #VALUE! | J73: =G73-F73 -> 1.6722856
A74: ='Data Input'!B374 -> G10 | B74: ='Data Input'!D374 -> OM3-015_120 min | C74: {=_xlfn.XLOOKUP(1,(Tbl_Input[Well Position]='Cq and Delta Cq'!A74)*(Tbl_Input[Reporter]='Cq and Delta Cq'!$C$1),Tbl_Input[Cq])} -> Undetermined | D74: {=_xlfn.XLOOKUP(1,(Tbl_Input[Well Position]='Cq and Delta Cq'!A74)*(Tbl_Input[Reporter]='Cq and Delta Cq'!$D$1),Tbl_Input[Cq])} -> Undetermined | E74: {=_xlfn.XLOOKUP(1,(Tbl_Input[Well Position]='Cq and Delta Cq'!A74)*(Tbl_Input[Reporter]='Cq and Delta Cq'!$E$1),Tbl_Input[Cq])} -> 25.749425 | F74: {=_xlfn.XLOOKUP(1,(Tbl_Input[Well Position]='Cq and Delta Cq'!A74)*(Tbl_Input[Reporter]='Cq and Delta Cq'!$F$1),Tbl_Input[Cq])} -> 27.760354 | G74: {=_xlfn.XLOOKUP(1,(Tbl_Input[Well Position]='Cq and Delta Cq'!A74)*(Tbl_Input[Reporter]='Cq and Delta Cq'!$G$1),Tbl_Input[Cq])} -> 29.427578 | I74: =D74-C74 -> #VALUE! | J74: =G74-F74 -> 1.6672234
A75: ='Data Input'!B379 -> H1 | B75: ='Data Input'!D379 -> OM3-008_0 min | C75: {=_xlfn.XLOOKUP(1,(Tbl_Input[Well Position]='Cq and Delta Cq'!A75)*(Tbl_Input[Reporter]='Cq and Delta Cq'!$C$1),Tbl_Input[Cq])} -> Undetermined | D75: {=_xlfn.XLOOKUP(1,(Tbl_Input[Well Position]='Cq and Delta Cq'!A75)*(Tbl_Input[Reporter]='Cq and Delta Cq'!$D$1),Tbl_Input[Cq])} -> Undetermined | E75: {=_xlfn.XLOOKUP(1,(Tbl_Input[Well Position]='Cq and Delta Cq'!A75)*(Tbl_Input[Reporter]='Cq and Delta Cq'!$E$1),Tbl_Input[Cq])} -> 24.054938 | F75: {=_xlfn.XLOOKUP(1,(Tbl_Input[Well Position]='Cq and Delta Cq'!A75)*(Tbl_Input[Reporter]='Cq and Delta Cq'!$F$1),Tbl_Input[Cq])} -> 30.450713 | G75: {=_xlfn.XLOOKUP(1,(Tbl_Input[Well Position]='Cq and Delta Cq'!A75)*(Tbl_Input[Reporter]='Cq and Delta Cq'!$G$1),Tbl_Input[Cq])} -> 32.316559 | I75: =D75-C75 -> #VALUE! | J75: =G75-F75 -> 1.865847
A76: ='Data Input'!B384 -> H2 | B76: ='Data Input'!D384 -> OM3-008_5 min | C76: {=_xlfn.XLOOKUP(1,(Tbl_Input[Well Position]='Cq and Delta Cq'!A76)*(Tbl_Input[Reporter]='Cq and Delta Cq'!$C$1),Tbl_Input[Cq])} -> Undetermined | D76: {=_xlfn.XLOOKUP(1,(Tbl_Input[Well Position]='Cq and Delta Cq'!A76)*(Tbl_Input[Reporter]='Cq and Delta Cq'!$D$1),Tbl_Input[Cq])} -> Undetermined | E76: {=_xlfn.XLOOKUP(1,(Tbl_Input[Well Position]='Cq and Delta Cq'!A76)*(Tbl_Input[Reporter]='Cq and Delta Cq'!$E$1),Tbl_Input[Cq])} -> 25.268593 | F76: {=_xlfn.XLOOKUP(1,(Tbl_Input[Well Position]='Cq and Delta Cq'!A76)*(Tbl_Input[Reporter]='Cq and Delta Cq'!$F$1),Tbl_Input[Cq])} -> 30.660468 | G76: {=_xlfn.XLOOKUP(1,(Tbl_Input[Well Position]='Cq and Delta Cq'!A76)*(Tbl_Input[Reporter]='Cq and Delta Cq'!$G$1),Tbl_Input[Cq])} -> 33.245377 | I76: =D76-C76 -> #VALUE! | J76: =G76-F76 -> 2.5849092
A77: ='Data Input'!B389 -> H3 | B77: ='Data Input'!D389 -> OM3-008_30 min | C77: {=_xlfn.XLOOKUP(1,(Tbl_Input[Well Position]='Cq and Delta Cq'!A77)*(Tbl_Input[Reporter]='Cq and Delta Cq'!$C$1),Tbl_Input[Cq])} -> Undetermined | D77: {=_xlfn.XLOOKUP(1,(Tbl_Input[Well Position]='Cq and Delta Cq'!A77)*(Tbl_Input[Reporter]='Cq and Delta Cq'!$D$1),Tbl_Input[Cq])} -> Undetermined | E77: {=_xlfn.XLOOKUP(1,(Tbl_Input[Well Position]='Cq and Delta Cq'!A77)*(Tbl_Input[Reporter]='Cq and Delta Cq'!$E$1),Tbl_Input[Cq])} -> 24.601115 | F77: {=_xlfn.XLOOKUP(1,(Tbl_Input[Well Position]='Cq and Delta Cq'!A77)*(Tbl_Input[Reporter]='Cq and Delta Cq'!$F$1),Tbl_Input[Cq])} -> 31.093041 | G77: {=_xlfn.XLOOKUP(1,(Tbl_Input[Well Position]='Cq and Delta Cq'!A77)*(Tbl_Input[Reporter]='Cq and Delta Cq'!$G$1),Tbl_Input[Cq])} -> 33.534149 | I77: =D77-C77 -> #VALUE! | J77: =G77-F77 -> 2.4411079
A78: ='Data Input'!B394 -> H4 | B78: ='Data Input'!D394 -> OM3-008_60 min | C78: {=_xlfn.XLOOKUP(1,(Tbl_Input[Well Position]='Cq and Delta Cq'!A78)*(Tbl_Input[Reporter]='Cq and Delta Cq'!$C$1),Tbl_Input[Cq])} -> Undetermined | D78: {=_xlfn.XLOOKUP(1,(Tbl_Input[Well Position]='Cq and Delta Cq'!A78)*(Tbl_Input[Reporter]='Cq and Delta Cq'!$D$1),Tbl_Input[Cq])} -> Undetermined | E78: {=_xlfn.XLOOKUP(1,(Tbl_Input[Well Position]='Cq and Delta Cq'!A78)*(Tbl_Input[Reporter]='Cq and Delta Cq'!$E$1),Tbl_Input[Cq])} -> 24.034928 | F78: {=_xlfn.XLOOKUP(1,(Tbl_Input[Well Position]='Cq and Delta Cq'!A78)*(Tbl_Input[Reporter]='Cq and Delta Cq'!$F$1),Tbl_Input[Cq])} -> 29.433064 | G78: {=_xlfn.XLOOKUP(1,(Tbl_Input[Well Position]='Cq and Delta Cq'!A78)*(Tbl_Input[Reporter]='Cq and Delta Cq'!$G$1),Tbl_Input[Cq])} -> 31.888365 | I78: =D78-C78 -> #VALUE! | J78: =G78-F78 -> 2.455301
A79: ='Data Input'!B399 -> H5 | B79: ='Data Input'!D399 -> OM3-008_120 min | C79: {=_xlfn.XLOOKUP(1,(Tbl_Input[Well Position]='Cq and Delta Cq'!A79)*(Tbl_Input[Reporter]='Cq and Delta Cq'!$C$1),Tbl_Input[Cq])} -> Undetermined | D79: {=_xlfn.XLOOKUP(1,(Tbl_Input[Well Position]='Cq and Delta Cq'!A79)*(Tbl_Input[Reporter]='Cq and Delta Cq'!$D$1),Tbl_Input[Cq])} -> Undetermined | E79: {=_xlfn.XLOOKUP(1,(Tbl_Input[Well Position]='Cq and Delta Cq'!A79)*(Tbl_Input[Reporter]='Cq and Delta Cq'!$E$1),Tbl_Input[Cq])} -> 22.785513 | F79: {=_xlfn.XLOOKUP(1,(Tbl_Input[Well Position]='Cq and Delta Cq'!A79)*(Tbl_Input[Reporter]='Cq and Delta Cq'!$F$1),Tbl_Input[Cq])} -> 29.572532 | G79: {=_xlfn.XLOOKUP(1,(Tbl_Input[Well Position]='Cq and Delta Cq'!A79)*(Tbl_Input[Reporter]='Cq and Delta Cq'!$G$1),Tbl_Input[Cq])} -> 31.799546 | I79: =D79-C79 -> #VALUE! | J79: =G79-F79 -> 2.2270145
A80: ='Data Input'!B404 -> H6 | B80: ='Data Input'!D404 -> OM3-016_0 min | C80: {=_xlfn.XLOOKUP(1,(Tbl_Input[Well Position]='Cq and Delta Cq'!A80)*(Tbl_Input[Reporter]='Cq and Delta Cq'!$C$1),Tbl_Input[Cq])} -> Undetermined | D80: {=_xlfn.XLOOKUP(1,(Tbl_Input[Well Position]='Cq and Delta Cq'!A80)*(Tbl_Input[Reporter]='Cq and Delta Cq'!$D$1),Tbl_Input[Cq])} -> Undetermined | E80: {=_xlfn.XLOOKUP(1,(Tbl_Input[Well Position]='Cq and Delta Cq'!A80)*(Tbl_Input[Reporter]='Cq and Delta Cq'!$E$1),Tbl_Input[Cq])} -> 24.838291 | F80: {=_xlfn.XLOOKUP(1,(Tbl_Input[Well Position]='Cq and Delta Cq'!A80)*(Tbl_Input[Reporter]='Cq and Delta Cq'!$F$1),Tbl_Input[Cq])} -> 27.294485 | G80: {=_xlfn.XLOOKUP(1,(Tbl_Input[Well Position]='Cq and Delta Cq'!A80)*(Tbl_Input[Reporter]='Cq and Delta Cq'!$G$1),Tbl_Input[Cq])} -> 29.593598 | I80: =D80-C80 -> #VALUE! | J80: =G80-F80 -> 2.2991132
A81: ='Data Input'!B409 -> H7 | B81: ='Data Input'!D409 -> OM3-016_5 min | C81: {=_xlfn.XLOOKUP(1,(Tbl_Input[Well Position]='Cq and Delta Cq'!A81)*(Tbl_Input[Reporter]='Cq and Delta Cq'!$C$1),Tbl_Input[Cq])} -> Undetermined | D81: {=_xlfn.XLOOKUP(1,(Tbl_Input[Well Position]='Cq and Delta Cq'!A81)*(Tbl_Input[Reporter]='Cq and Delta Cq'!$D$1),Tbl_Input[Cq])} -> Undetermined | E81: {=_xlfn.XLOOKUP(1,(Tbl_Input[Well Position]='Cq and Delta Cq'!A81)*(Tbl_Input[Reporter]='Cq and Delta Cq'!$E$1),Tbl_Input[Cq])} -> 24.395818 | F81: {=_xlfn.XLOOKUP(1,(Tbl_Input[Well Position]='Cq and Delta Cq'!A81)*(Tbl_Input[Reporter]='Cq and Delta Cq'!$F$1),Tbl_Input[Cq])} -> 25.697583 | G81: {=_xlfn.XLOOKUP(1,(Tbl_Input[Well Position]='Cq and Delta Cq'!A81)*(Tbl_Input[Reporter]='Cq and Delta Cq'!$G$1),Tbl_Input[Cq])} -> 28.235619 | I81: =D81-C81 -> #VALUE! | J81: =G81-F81 -> 2.5380358
A82: ='Data Input'!B414 -> H8 | B82: ='Data Input'!D414 -> OM3-016_30 min | C82: {=_xlfn.XLOOKUP(1,(Tbl_Input[Well Position]='Cq and Delta Cq'!A82)*(Tbl_Input[Reporter]='Cq and Delta Cq'!$C$1),Tbl_Input[Cq])} -> Undetermined | D82: {=_xlfn.XLOOKUP(1,(Tbl_Input[Well Position]='Cq and Delta Cq'!A82)*(Tbl_Input[Reporter]='Cq and Delta Cq'!$D$1),Tbl_Input[Cq])} -> Undetermined | E82: {=_xlfn.XLOOKUP(1,(Tbl_Input[Well Position]='Cq and Delta Cq'!A82)*(Tbl_Input[Reporter]='Cq and Delta Cq'!$E$1),Tbl_Input[Cq])} -> 24.720318 | F82: {=_xlfn.XLOOKUP(1,(Tbl_Input[Well Position]='Cq and Delta Cq'!A82)*(Tbl_Input[Reporter]='Cq and Delta Cq'!$F$1),Tbl_Input[Cq])} -> 25.446067 | G82: {=_xlfn.XLOOKUP(1,(Tbl_Input[Well Position]='Cq and Delta Cq'!A82)*(Tbl_Input[Reporter]='Cq and Delta Cq'!$G$1),Tbl_Input[Cq])} -> 28.243366 | I82: =D82-C82 -> #VALUE! | J82: =G82-F82 -> 2.7972986
A83: ='Data Input'!B419 -> H9 | B83: ='Data Input'!D419 -> OM3-016_60 min | C83: {=_xlfn.XLOOKUP(1,(Tbl_Input[Well Position]='Cq and Delta Cq'!A83)*(Tbl_Input[Reporter]='Cq and Delta Cq'!$C$1),Tbl_Input[Cq])} -> Undetermined | D83: {=_xlfn.XLOOKUP(1,(Tbl_Input[Well Position]='Cq and Delta Cq'!A83)*(Tbl_Input[Reporter]='Cq and Delta Cq'!$D$1),Tbl_Input[Cq])} -> Undetermined | E83: {=_xlfn.XLOOKUP(1,(Tbl_Input[Well Position]='Cq and Delta Cq'!A83)*(Tbl_Input[Reporter]='Cq and Delta Cq'!$E$1),Tbl_Input[Cq])} -> 26.124265 | F83: {=_xlfn.XLOOKUP(1,(Tbl_Input[Well Position]='Cq and Delta Cq'!A83)*(Tbl_Input[Reporter]='Cq and Delta Cq'!$F$1),Tbl_Input[Cq])} -> 28.924633 | G83: {=_xlfn.XLOOKUP(1,(Tbl_Input[Well Position]='Cq and Delta Cq'!A83)*(Tbl_Input[Reporter]='Cq and Delta Cq'!$G$1),Tbl_Input[Cq])} -> 31.170209 | I83: =D83-C83 -> #VALUE! | J83: =G83-F83 -> 2.2455766
A84: ='Data Input'!B424 -> H10 | B84: ='Data Input'!D424 -> OM3-016_120 min | C84: {=_xlfn.XLOOKUP(1,(Tbl_Input[Well Position]='Cq and Delta Cq'!A84)*(Tbl_Input[Reporter]='Cq and Delta Cq'!$C$1),Tbl_Input[Cq])} -> Undetermined | D84: {=_xlfn.XLOOKUP(1,(Tbl_Input[Well Position]='Cq and Delta Cq'!A84)*(Tbl_Input[Reporter]='Cq and Delta Cq'!$D$1),Tbl_Input[Cq])} -> Undetermined | E84: {=_xlfn.XLOOKUP(1,(Tbl_Input[Well Position]='Cq and Delta Cq'!A84)*(Tbl_Input[Reporter]='Cq and Delta Cq'!$E$1),Tbl_Input[Cq])} -> 26.514885 | F84: {=_xlfn.XLOOKUP(1,(Tbl_Input[Well Position]='Cq and Delta Cq'!A84)*(Tbl_Input[Reporter]='Cq and Delta Cq'!$F$1),Tbl_Input[Cq])} -> 27.584446 | G84: {=_xlfn.XLOOKUP(1,(Tbl_Input[Well Position]='Cq and Delta Cq'!A84)*(Tbl_Input[Reporter]='Cq and Delta Cq'!$G$1),Tbl_Input[Cq])} -> 30.210178 | I84: =D84-C84 -> #VALUE! | J84: =G84-F84 -> 2.6257323
A85: ='Data Input'!B429 -> H11 | B85: ='Data Input'!D429 -> vNG | C85: {=_xlfn.XLOOKUP(1,(Tbl_Input[Well Position]='Cq and Delta Cq'!A85)*(Tbl_Input[Reporter]='Cq and Delta Cq'!$C$1),Tbl_Input[Cq])} -> Undetermined | D85: {=_xlfn.XLOOKUP(1,(Tbl_Input[Well Position]='Cq and Delta Cq'!A85)*(Tbl_Input[Reporter]='Cq and Delta Cq'!$D$1),Tbl_Input[Cq])} -> Undetermined | E85: {=_xlfn.XLOOKUP(1,(Tbl_Input[Well Position]='Cq and Delta Cq'!A85)*(Tbl_Input[Reporter]='Cq and Delta Cq'!$E$1),Tbl_Input[Cq])} -> Undetermined | F85: {=_xlfn.XLOOKUP(1,(Tbl_Input[Well Position]='Cq and Delta Cq'!A85)*(Tbl_Input[Reporter]='Cq and Delta Cq'!$F$1),Tbl_Input[Cq])} -> 16.466208 | G85: {=_xlfn.XLOOKUP(1,(Tbl_Input[Well Position]='Cq and Delta Cq'!A85)*(Tbl_Input[Reporter]='Cq and Delta Cq'!$G$1),Tbl_Input[Cq])} -> 24.221487 | I85: =D85-C85 -> #VALUE! | J85: =G85-F85 -> 7.7552794
A86: ='Data Input'!B434 -> H12 | B86: ='Data Input'!D434 -> nvNG | C86: {=_xlfn.XLOOKUP(1,(Tbl_Input[Well Position]='Cq and Delta Cq'!A86)*(Tbl_Input[Reporter]='Cq and Delta Cq'!$C$1),Tbl_Input[Cq])} -> Undetermined | D86: {=_xlfn.XLOOKUP(1,(Tbl_Input[Well Position]='Cq and Delta Cq'!A86)*(Tbl_Input[Reporter]='Cq and Delta Cq'!$D$1),Tbl_Input[Cq])} -> Undetermined | E86: {=_xlfn.XLOOKUP(1,(Tbl_Input[Well Position]='Cq and Delta Cq'!A86)*(Tbl_Input[Reporter]='Cq and Delta Cq'!$E$1),Tbl_Input[Cq])} -> Undetermined | F86: {=_xlfn.XLOOKUP(1,(Tbl_Input[Well Position]='Cq and Delta Cq'!A86)*(Tbl_Input[Reporter]='Cq and Delta Cq'!$F$1),Tbl_Input[Cq])} -> 24.817078 | G86: {=_xlfn.XLOOKUP(1,(Tbl_Input[Well Position]='Cq and Delta Cq'!A86)*(Tbl_Input[Reporter]='Cq and Delta Cq'!$G$1),Tbl_Input[Cq])} -> 28.641542 | I86: =D86-C86 -> #VALUE! | J86: =G86-F86 -> 3.8244637
A87: ='Data Input'!B439 -> 0 | B87: ='Data Input'!D439 -> 0 | C87: {=_xlfn.XLOOKUP(1,(Tbl_Input[Well Position]='Cq and Delta Cq'!A87)*(Tbl_Input[Reporter]='Cq and Delta Cq'!$C$1),Tbl_Input[Cq])} -> #N/A | D87: {=_xlfn.XLOOKUP(1,(Tbl_Input[Well Position]='Cq and Delta Cq'!A87)*(Tbl_Input[Reporter]='Cq and Delta Cq'!$D$1),Tbl_Input[Cq])} -> #N/A | E87: {=_xlfn.XLOOKUP(1,(Tbl_Input[Well Position]='Cq and Delta Cq'!A87)*(Tbl_Input[Reporter]='Cq and Delta Cq'!$E$1),Tbl_Input[Cq])} -> #N/A | F87: {=_xlfn.XLOOKUP(1,(Tbl_Input[Well Position]='Cq and Delta Cq'!A87)*(Tbl_Input[Reporter]='Cq and Delta Cq'!$F$1),Tbl_Input[Cq])} -> #N/A | G87: {=_xlfn.XLOOKUP(1,(Tbl_Input[Well Position]='Cq and Delta Cq'!A87)*(Tbl_Input[Reporter]='Cq and Delta Cq'!$G$1),Tbl_Input[Cq])} -> #N/A | I87: =D87-C87 -> #N/A | J87: =G87-F87 -> #N/A
A88: ='Data Input'!B444 -> 0 | B88: ='Data Input'!D444 -> 0 | C88: {=_xlfn.XLOOKUP(1,(Tbl_Input[Well Position]='Cq and Delta Cq'!A88)*(Tbl_Input[Reporter]='Cq and Delta Cq'!$C$1),Tbl_Input[Cq])} -> #N/A | D88: {=_xlfn.XLOOKUP(1,(Tbl_Input[Well Position]='Cq and Delta Cq'!A88)*(Tbl_Input[Reporter]='Cq and Delta Cq'!$D$1),Tbl_Input[Cq])} -> #N/A | E88: {=_xlfn.XLOOKUP(1,(Tbl_Input[Well Position]='Cq and Delta Cq'!A88)*(Tbl_Input[Reporter]='Cq and Delta Cq'!$E$1),Tbl_Input[Cq])} -> #N/A | F88: {=_xlfn.XLOOKUP(1,(Tbl_Input[Well Position]='Cq and Delta Cq'!A88)*(Tbl_Input[Reporter]='Cq and Delta Cq'!$F$1),Tbl_Input[Cq])} -> #N/A | G88: {=_xlfn.XLOOKUP(1,(Tbl_Input[Well Position]='Cq and Delta Cq'!A88)*(Tbl_Input[Reporter]='Cq and Delta Cq'!$G$1),Tbl_Input[Cq])} -> #N/A | I88: =D88-C88 -> #N/A | J88: =G88-F88 -> #N/A
A89: ='Data Input'!B449 -> 0 | B89: ='Data Input'!D449 -> 0 | C89: {=_xlfn.XLOOKUP(1,(Tbl_Input[Well Position]='Cq and Delta Cq'!A89)*(Tbl_Input[Reporter]='Cq and Delta Cq'!$C$1),Tbl_Input[Cq])} -> #N/A | D89: {=_xlfn.XLOOKUP(1,(Tbl_Input[Well Position]='Cq and Delta Cq'!A89)*(Tbl_Input[Reporter]='Cq and Delta Cq'!$D$1),Tbl_Input[Cq])} -> #N/A | E89: {=_xlfn.XLOOKUP(1,(Tbl_Input[Well Position]='Cq and Delta Cq'!A89)*(Tbl_Input[Reporter]='Cq and Delta Cq'!$E$1),Tbl_Input[Cq])} -> #N/A | F89: {=_xlfn.XLOOKUP(1,(Tbl_Input[Well Position]='Cq and Delta Cq'!A89)*(Tbl_Input[Reporter]='Cq and Delta Cq'!$F$1),Tbl_Input[Cq])} -> #N/A | G89: {=_xlfn.XLOOKUP(1,(Tbl_Input[Well Position]='Cq and Delta Cq'!A89)*(Tbl_Input[Reporter]='Cq and Delta Cq'!$G$1),Tbl_Input[Cq])} -> #N/A | I89: =D89-C89 -> #N/A | J89: =G89-F89 -> #N/A
A90: ='Data Input'!B454 -> 0 | B90: ='Data Input'!D454 -> 0 | C90: {=_xlfn.XLOOKUP(1,(Tbl_Input[Well Position]='Cq and Delta Cq'!A90)*(Tbl_Input[Reporter]='Cq and Delta Cq'!$C$1),Tbl_Input[Cq])} -> #N/A | D90: {=_xlfn.XLOOKUP(1,(Tbl_Input[Well Position]='Cq and Delta Cq'!A90)*(Tbl_Input[Reporter]='Cq and Delta Cq'!$D$1),Tbl_Input[Cq])} -> #N/A | E90: {=_xlfn.XLOOKUP(1,(Tbl_Input[Well Position]='Cq and Delta Cq'!A90)*(Tbl_Input[Reporter]='Cq and Delta Cq'!$E$1),Tbl_Input[Cq])} -> #N/A | F90: {=_xlfn.XLOOKUP(1,(Tbl_Input[Well Position]='Cq and Delta Cq'!A90)*(Tbl_Input[Reporter]='Cq and Delta Cq'!$F$1),Tbl_Input[Cq])} -> #N/A | G90: {=_xlfn.XLOOKUP(1,(Tbl_Input[Well Position]='Cq and Delta Cq'!A90)*(Tbl_Input[Reporter]='Cq and Delta Cq'!$G$1),Tbl_Input[Cq])} -> #N/A | I90: =D90-C90 -> #N/A | J90: =G90-F90 -> #N/A
A91: ='Data Input'!B459 -> 0 | B91: ='Data Input'!D459 -> 0 | C91: {=_xlfn.XLOOKUP(1,(Tbl_Input[Well Position]='Cq and Delta Cq'!A91)*(Tbl_Input[Reporter]='Cq and Delta Cq'!$C$1),Tbl_Input[Cq])} -> #N/A | D91: {=_xlfn.XLOOKUP(1,(Tbl_Input[Well Position]='Cq and Delta Cq'!A91)*(Tbl_Input[Reporter]='Cq and Delta Cq'!$D$1),Tbl_Input[Cq])} -> #N/A | E91: {=_xlfn.XLOOKUP(1,(Tbl_Input[Well Position]='Cq and Delta Cq'!A91)*(Tbl_Input[Reporter]='Cq and Delta Cq'!$E$1),Tbl_Input[Cq])} -> #N/A | F91: {=_xlfn.XLOOKUP(1,(Tbl_Input[Well Position]='Cq and Delta Cq'!A91)*(Tbl_Input[Reporter]='Cq and Delta Cq'!$F$1),Tbl_Input[Cq])} -> #N/A | G91: {=_xlfn.XLOOKUP(1,(Tbl_Input[Well Position]='Cq and Delta Cq'!A91)*(Tbl_Input[Reporter]='Cq and Delta Cq'!$G$1),Tbl_Input[Cq])} -> #N/A | I91: =D91-C91 -> #N/A | J91: =G91-F91 -> #N/A
A92: ='Data Input'!B464 -> 0 | B92: ='Data Input'!D464 -> 0 | C92: {=_xlfn.XLOOKUP(1,(Tbl_Input[Well Position]='Cq and Delta Cq'!A92)*(Tbl_Input[Reporter]='Cq and Delta Cq'!$C$1),Tbl_Input[Cq])} -> #N/A | D92: {=_xlfn.XLOOKUP(1,(Tbl_Input[Well Position]='Cq and Delta Cq'!A92)*(Tbl_Input[Reporter]='Cq and Delta Cq'!$D$1),Tbl_Input[Cq])} -> #N/A | E92: {=_xlfn.XLOOKUP(1,(Tbl_Input[Well Position]='Cq and Delta Cq'!A92)*(Tbl_Input[Reporter]='Cq and Delta Cq'!$E$1),Tbl_Input[Cq])} -> #N/A | F92: {=_xlfn.XLOOKUP(1,(Tbl_Input[Well Position]='Cq and Delta Cq'!A92)*(Tbl_Input[Reporter]='Cq and Delta Cq'!$F$1),Tbl_Input[Cq])} -> #N/A | G92: {=_xlfn.XLOOKUP(1,(Tbl_Input[Well Position]='Cq and Delta Cq'!A92)*(Tbl_Input[Reporter]='Cq and Delta Cq'!$G$1),Tbl_Input[Cq])} -> #N/A | I92: =D92-C92 -> #N/A | J92: =G92-F92 -> #N/A
A93: ='Data Input'!B469 -> 0 | B93: ='Data Input'!D469 -> 0 | C93: {=_xlfn.XLOOKUP(1,(Tbl_Input[Well Position]='Cq and Delta Cq'!A93)*(Tbl_Input[Reporter]='Cq and Delta Cq'!$C$1),Tbl_Input[Cq])} -> #N/A | D93: {=_xlfn.XLOOKUP(1,(Tbl_Input[Well Position]='Cq and Delta Cq'!A93)*(Tbl_Input[Reporter]='Cq and Delta Cq'!$D$1),Tbl_Input[Cq])} -> #N/A | E93: {=_xlfn.XLOOKUP(1,(Tbl_Input[Well Position]='Cq and Delta Cq'!A93)*(Tbl_Input[Reporter]='Cq and Delta Cq'!$E$1),Tbl_Input[Cq])} -> #N/A | F93: {=_xlfn.XLOOKUP(1,(Tbl_Input[Well Position]='Cq and Delta Cq'!A93)*(Tbl_Input[Reporter]='Cq and Delta Cq'!$F$1),Tbl_Input[Cq])} -> #N/A | G93: {=_xlfn.XLOOKUP(1,(Tbl_Input[Well Position]='Cq and Delta Cq'!A93)*(Tbl_Input[Reporter]='Cq and Delta Cq'!$G$1),Tbl_Input[Cq])} -> #N/A | I93: =D93-C93 -> #N/A | J93: =G93-F93 -> #N/A
A94: ='Data Input'!B474 -> 0 | B94: ='Data Input'!D474 -> 0 | C94: {=_xlfn.XLOOKUP(1,(Tbl_Input[Well Position]='Cq and Delta Cq'!A94)*(Tbl_Input[Reporter]='Cq and Delta Cq'!$C$1),Tbl_Input[Cq])} -> #N/A | D94: {=_xlfn.XLOOKUP(1,(Tbl_Input[Well Position]='Cq and Delta Cq'!A94)*(Tbl_Input[Reporter]='Cq and Delta Cq'!$D$1),Tbl_Input[Cq])} -> #N/A | E94: {=_xlfn.XLOOKUP(1,(Tbl_Input[Well Position]='Cq and Delta Cq'!A94)*(Tbl_Input[Reporter]='Cq and Delta Cq'!$E$1),Tbl_Input[Cq])} -> #N/A | F94: {=_xlfn.XLOOKUP(1,(Tbl_Input[Well Position]='Cq and Delta Cq'!A94)*(Tbl_Input[Reporter]='Cq and Delta Cq'!$F$1),Tbl_Input[Cq])} -> #N/A | G94: {=_xlfn.XLOOKUP(1,(Tbl_Input[Well Position]='Cq and Delta Cq'!A94)*(Tbl_Input[Reporter]='Cq and Delta Cq'!$G$1),Tbl_Input[Cq])} -> #N/A | I94: =D94-C94 -> #N/A | J94: =G94-F94 -> #N/A
A95: ='Data Input'!B479 -> 0 | B95: ='Data Input'!D479 -> 0 | C95: {=_xlfn.XLOOKUP(1,(Tbl_Input[Well Position]='Cq and Delta Cq'!A95)*(Tbl_Input[Reporter]='Cq and Delta Cq'!$C$1),Tbl_Input[Cq])} -> #N/A | D95: {=_xlfn.XLOOKUP(1,(Tbl_Input[Well Position]='Cq and Delta Cq'!A95)*(Tbl_Input[Reporter]='Cq and Delta Cq'!$D$1),Tbl_Input[Cq])} -> #N/A | E95: {=_xlfn.XLOOKUP(1,(Tbl_Input[Well Position]='Cq and Delta Cq'!A95)*(Tbl_Input[Reporter]='Cq and Delta Cq'!$E$1),Tbl_Input[Cq])} -> #N/A | F95: {=_xlfn.XLOOKUP(1,(Tbl_Input[Well Position]='Cq and Delta Cq'!A95)*(Tbl_Input[Reporter]='Cq and Delta Cq'!$F$1),Tbl_Input[Cq])} -> #N/A | G95: {=_xlfn.XLOOKUP(1,(Tbl_Input[Well Position]='Cq and Delta Cq'!A95)*(Tbl_Input[Reporter]='Cq and Delta Cq'!$G$1),Tbl_Input[Cq])} -> #N/A | I95: =D95-C95 -> #N/A | J95: =G95-F95 -> #N/A
A96: ='Data Input'!B484 -> 0 | B96: ='Data Input'!D484 -> 0 | C96: {=_xlfn.XLOOKUP(1,(Tbl_Input[Well Position]='Cq and Delta Cq'!A96)*(Tbl_Input[Reporter]='Cq and Delta Cq'!$C$1),Tbl_Input[Cq])} -> #N/A | D96: {=_xlfn.XLOOKUP(1,(Tbl_Input[Well Position]='Cq and Delta Cq'!A96)*(Tbl_Input[Reporter]='Cq and Delta Cq'!$D$1),Tbl_Input[Cq])} -> #N/A | E96: {=_xlfn.XLOOKUP(1,(Tbl_Input[Well Position]='Cq and Delta Cq'!A96)*(Tbl_Input[Reporter]='Cq and Delta Cq'!$E$1),Tbl_Input[Cq])} -> #N/A | F96: {=_xlfn.XLOOKUP(1,(Tbl_Input[Well Position]='Cq and Delta Cq'!A96)*(Tbl_Input[Reporter]='Cq and Delta Cq'!$F$1),Tbl_Input[Cq])} -> #N/A | G96: {=_xlfn.XLOOKUP(1,(Tbl_Input[Well Position]='Cq and Delta Cq'!A96)*(Tbl_Input[Reporter]='Cq and Delta Cq'!$G$1),Tbl_Input[Cq])} -> #N/A | I96: =D96-C96 -> #N/A | J96: =G96-F96 -> #N/A
A97: ='Data Input'!B489 -> 0 | B97: ='Data Input'!D489 -> 0 | C97: {=_xlfn.XLOOKUP(1,(Tbl_Input[Well Position]='Cq and Delta Cq'!A97)*(Tbl_Input[Reporter]='Cq and Delta Cq'!$C$1),Tbl_Input[Cq])} -> #N/A | D97: {=_xlfn.XLOOKUP(1,(Tbl_Input[Well Position]='Cq and Delta Cq'!A97)*(Tbl_Input[Reporter]='Cq and Delta Cq'!$D$1),Tbl_Input[Cq])} -> #N/A | E97: {=_xlfn.XLOOKUP(1,(Tbl_Input[Well Position]='Cq and Delta Cq'!A97)*(Tbl_Input[Reporter]='Cq and Delta Cq'!$E$1),Tbl_Input[Cq])} -> #N/A | F97: {=_xlfn.XLOOKUP(1,(Tbl_Input[Well Position]='Cq and Delta Cq'!A97)*(Tbl_Input[Reporter]='Cq and Delta Cq'!$F$1),Tbl_Input[Cq])} -> #N/A | G97: {=_xlfn.XLOOKUP(1,(Tbl_Input[Well Position]='Cq and Delta Cq'!A97)*(Tbl_Input[Reporter]='Cq and Delta Cq'!$G$1),Tbl_Input[Cq])} -> #N/A | I97: =D97-C97 -> #N/A | J97: =G97-F97 -> #N/A

Sheet VITA Index summary
A4: Position | B4: Sample Name | C4: CT target | D4: CT VITA Index | E4: CT Viability Threshold | F4: NG target | G4: NG VITA Index | H4: NG Viability Threshold | I4: Endogenous Control
A5: ='Cq and Delta Cq'!A2 -> A1 | B5: ='Cq and Delta Cq'!B2 -> OM3-001_0 min | C5: =IF(OR(AND('Cq and Delta Cq'!C2>'VITA Index summary'!$O$15,'Cq and Delta Cq'!C2<'VITA Index summary'!$O$16),AND('Cq and Delta Cq'!D2>'VITA Index summary'!$O$21,'Cq and Delta Cq'!D2<'VITA Index summary'!$O$22)),"CT detected", "CT not detected") -> CT not detected | D5: {=IFERROR(_xlfn.IFS(C5="CT not detected","N/A",'Cq and Delta Cq'!C2>'VITA Index summary'!$T$16,"Indeterminate",'Cq and Delta Cq'!D2>'VITA Index summary'!$T$22,"Indeterminate",'Cq and Delta Cq'!C2<'VITA Index summary'!$T$16,2^('Cq and Delta Cq'!I2)/2,'Cq and Delta Cq'!D2<'VITA Index summary'!$T$22,2^('Cq and Delta Cq'!I2)/2),"Indeterminate")} -> N/A | E5: =$O$8 -> 1.57 | F5: =IF(OR(AND('Cq and Delta Cq'!F2>'VITA Index summary'!$O$27,'Cq and Delta Cq'!F2<'VITA Index summary'!$O$28),AND('Cq and Delta Cq'!G2>'VITA Index summary'!$O$33,'Cq and Delta Cq'!G2<'VITA Index summary'!$O$34)),"NG detected", "NG not detected") -> NG detected | G5: {=IFERROR(_xlfn.IFS(F5="NG not detected","N/A",'Cq and Delta Cq'!F2>'VITA Index summary'!$T$28,"Indeterminate",'Cq and Delta Cq'!G2>'VITA Index summary'!$T$34,"Indeterminate",'Cq and Delta Cq'!F2<'VITA Index summary'!$T$28,2^('Cq and Delta Cq'!J2)/2,'Cq and Delta Cq'!G2<'VITA Index summary'!$T$34,2^('Cq and Delta Cq'!J2)/2),"Indeterminate")} -> Indeterminate | H5: =$O$7 -> 1.46 | I5: =IFERROR(IF(AND('VITA Index summary'!$O$39<'Cq and Delta Cq'!E2,'Cq and Delta Cq'!E2<'VITA Index summary'!$O$40),"EC VALID","EC INVALID"),"EC INVALID") -> EC VALID
A6: ='Cq and Delta Cq'!A3 -> A2 | B6: ='Cq and Delta Cq'!B3 -> OM3-001_5 min | C6: =IF(OR(AND('Cq and Delta Cq'!C3>'VITA Index summary'!$O$15,'Cq and Delta Cq'!C3<'VITA Index summary'!$O$16),AND('Cq and Delta Cq'!D3>'VITA Index summary'!$O$21,'Cq and Delta Cq'!D3<'VITA Index summary'!$O$22)),"CT detected", "CT not detected") -> CT not detected | D6: {=IFERROR(_xlfn.IFS(C6="CT not detected","N/A",'Cq and Delta Cq'!C3>'VITA Index summary'!$T$16,"Indeterminate",'Cq and Delta Cq'!D3>'VITA Index summary'!$T$22,"Indeterminate",'Cq and Delta Cq'!C3<'VITA Index summary'!$T$16,2^('Cq and Delta Cq'!I3)/2,'Cq and Delta Cq'!D3<'VITA Index summary'!$T$22,2^('Cq and Delta Cq'!I3)/2),"Indeterminate")} -> N/A | E6: =$O$8 -> 1.57 | F6: =IF(OR(AND('Cq and Delta Cq'!F3>'VITA Index summary'!$O$27,'Cq and Delta Cq'!F3<'VITA Index summary'!$O$28),AND('Cq and Delta Cq'!G3>'VITA Index summary'!$O$33,'Cq and Delta Cq'!G3<'VITA Index summary'!$O$34)),"NG detected", "NG not detected") -> NG detected | G6: {=IFERROR(_xlfn.IFS(F6="NG not detected","N/A",'Cq and Delta Cq'!F3>'VITA Index summary'!$T$28,"Indeterminate",'Cq and Delta Cq'!G3>'VITA Index summary'!$T$34,"Indeterminate",'Cq and Delta Cq'!F3<'VITA Index summary'!$T$28,2^('Cq and Delta Cq'!J3)/2,'Cq and Delta Cq'!G3<'VITA Index summary'!$T$34,2^('Cq and Delta Cq'!J3)/2),"Indeterminate")} -> Indeterminate | H6: =$O$7 -> 1.46 | I6: =IFERROR(IF(AND('VITA Index summary'!$O$39<'Cq and Delta Cq'!E3,'Cq and Delta Cq'!E3<'VITA Index summary'!$O$40),"EC VALID","EC INVALID"),"EC INVALID") -> EC VALID | N6: Viability Threshold
A7: ='Cq and Delta Cq'!A4 -> A3 | B7: ='Cq and Delta Cq'!B4 -> OM3-001_30 min | C7: =IF(OR(AND('Cq and Delta Cq'!C4>'VITA Index summary'!$O$15,'Cq and Delta Cq'!C4<'VITA Index summary'!$O$16),AND('Cq and Delta Cq'!D4>'VITA Index summary'!$O$21,'Cq and Delta Cq'!D4<'VITA Index summary'!$O$22)),"CT detected", "CT not detected") -> CT not detected | D7: {=IFERROR(_xlfn.IFS(C7="CT not detected","N/A",'Cq and Delta Cq'!C4>'VITA Index summary'!$T$16,"Indeterminate",'Cq and Delta Cq'!D4>'VITA Index summary'!$T$22,"Indeterminate",'Cq and Delta Cq'!C4<'VITA Index summary'!$T$16,2^('Cq and Delta Cq'!I4)/2,'Cq and Delta Cq'!D4<'VITA Index summary'!$T$22,2^('Cq and Delta Cq'!I4)/2),"Indeterminate")} -> N/A | E7: =$O$8 -> 1.57 | F7: =IF(OR(AND('Cq and Delta Cq'!F4>'VITA Index summary'!$O$27,'Cq and Delta Cq'!F4<'VITA Index summary'!$O$28),AND('Cq and Delta Cq'!G4>'VITA Index summary'!$O$33,'Cq and Delta Cq'!G4<'VITA Index summary'!$O$34)),"NG detected", "NG not detected") -> NG detected | G7: {=IFERROR(_xlfn.IFS(F7="NG not detected","N/A",'Cq and Delta Cq'!F4>'VITA Index summary'!$T$28,"Indeterminate",'Cq and Delta Cq'!G4>'VITA Index summary'!$T$34,"Indeterminate",'Cq and Delta Cq'!F4<'VITA Index summary'!$T$28,2^('Cq and Delta Cq'!J4)/2,'Cq and Delta Cq'!G4<'VITA Index summary'!$T$34,2^('Cq and Delta Cq'!J4)/2),"Indeterminate")} -> Indeterminate | H7: =$O$7 -> 1.46 | I7: =IFERROR(IF(AND('VITA Index summary'!$O$39<'Cq and Delta Cq'!E4,'Cq and Delta Cq'!E4<'VITA Index summary'!$O$40),"EC VALID","EC INVALID"),"EC INVALID") -> EC VALID | N7: NG | O7: 1.46
A8: ='Cq and Delta Cq'!A5 -> A4 | B8: ='Cq and Delta Cq'!B5 -> OM3-001_60 min | C8: =IF(OR(AND('Cq and Delta Cq'!C5>'VITA Index summary'!$O$15,'Cq and Delta Cq'!C5<'VITA Index summary'!$O$16),AND('Cq and Delta Cq'!D5>'VITA Index summary'!$O$21,'Cq and Delta Cq'!D5<'VITA Index summary'!$O$22)),"CT detected", "CT not detected") -> CT not detected | D8: {=IFERROR(_xlfn.IFS(C8="CT not detected","N/A",'Cq and Delta Cq'!C5>'VITA Index summary'!$T$16,"Indeterminate",'Cq and Delta Cq'!D5>'VITA Index summary'!$T$22,"Indeterminate",'Cq and Delta Cq'!C5<'VITA Index summary'!$T$16,2^('Cq and Delta Cq'!I5)/2,'Cq and Delta Cq'!D5<'VITA Index summary'!$T$22,2^('Cq and Delta Cq'!I5)/2),"Indeterminate")} -> N/A | E8: =$O$8 -> 1.57 | F8: =IF(OR(AND('Cq and Delta Cq'!F5>'VITA Index summary'!$O$27,'Cq and Delta Cq'!F5<'VITA Index summary'!$O$28),AND('Cq and Delta Cq'!G5>'VITA Index summary'!$O$33,'Cq and Delta Cq'!G5<'VITA Index summary'!$O$34)),"NG detected", "NG not detected") -> NG detected | G8: {=IFERROR(_xlfn.IFS(F8="NG not detected","N/A",'Cq and Delta Cq'!F5>'VITA Index summary'!$T$28,"Indeterminate",'Cq and Delta Cq'!G5>'VITA Index summary'!$T$34,"Indeterminate",'Cq and Delta Cq'!F5<'VITA Index summary'!$T$28,2^('Cq and Delta Cq'!J5)/2,'Cq and Delta Cq'!G5<'VITA Index summary'!$T$34,2^('Cq and Delta Cq'!J5)/2),"Indeterminate")} -> Indeterminate | H8: =$O$7 -> 1.46 | I8: =IFERROR(IF(AND('VITA Index summary'!$O$39<'Cq and Delta Cq'!E5,'Cq and Delta Cq'!E5<'VITA Index summary'!$O$40),"EC VALID","EC INVALID"),"EC INVALID") -> EC VALID | N8: CT | O8: 1.57
A9: ='Cq and Delta Cq'!A6 -> A5 | B9: ='Cq and Delta Cq'!B6 -> OM3-001_120 min | C9: =IF(OR(AND('Cq and Delta Cq'!C6>'VITA Index summary'!$O$15,'Cq and Delta Cq'!C6<'VITA Index summary'!$O$16),AND('Cq and Delta Cq'!D6>'VITA Index summary'!$O$21,'Cq and Delta Cq'!D6<'VITA Index summary'!$O$22)),"CT detected", "CT not detected") -> CT not detected | D9: {=IFERROR(_xlfn.IFS(C9="CT not detected","N/A",'Cq and Delta Cq'!C6>'VITA Index summary'!$T$16,"Indeterminate",'Cq and Delta Cq'!D6>'VITA Index summary'!$T$22,"Indeterminate",'Cq and Delta Cq'!C6<'VITA Index summary'!$T$16,2^('Cq and Delta Cq'!I6)/2,'Cq and Delta Cq'!D6<'VITA Index summary'!$T$22,2^('Cq and Delta Cq'!I6)/2),"Indeterminate")} -> N/A | E9: =$O$8 -> 1.57 | F9: =IF(OR(AND('Cq and Delta Cq'!F6>'VITA Index summary'!$O$27,'Cq and Delta Cq'!F6<'VITA Index summary'!$O$28),AND('Cq and Delta Cq'!G6>'VITA Index summary'!$O$33,'Cq and Delta Cq'!G6<'VITA Index summary'!$O$34)),"NG detected", "NG not detected") -> NG detected | G9: {=IFERROR(_xlfn.IFS(F9="NG not detected","N/A",'Cq and Delta Cq'!F6>'VITA Index summary'!$T$28,"Indeterminate",'Cq and Delta Cq'!G6>'VITA Index summary'!$T$34,"Indeterminate",'Cq and Delta Cq'!F6<'VITA Index summary'!$T$28,2^('Cq and Delta Cq'!J6)/2,'Cq and Delta Cq'!G6<'VITA Index summary'!$T$34,2^('Cq and Delta Cq'!J6)/2),"Indeterminate")} -> 4.2128058 | H9: =$O$7 -> 1.46 | I9: =IFERROR(IF(AND('VITA Index summary'!$O$39<'Cq and Delta Cq'!E6,'Cq and Delta Cq'!E6<'VITA Index summary'!$O$40),"EC VALID","EC INVALID"),"EC INVALID") -> EC VALID
A10: ='Cq and Delta Cq'!A7 -> A6 | B10: ='Cq and Delta Cq'!B7 -> OM3-009_0 min | C10: =IF(OR(AND('Cq and Delta Cq'!C7>'VITA Index summary'!$O$15,'Cq and Delta Cq'!C7<'VITA Index summary'!$O$16),AND('Cq and Delta Cq'!D7>'VITA Index summary'!$O$21,'Cq and Delta Cq'!D7<'VITA Index summary'!$O$22)),"CT detected", "CT not detected") -> CT not detected | D10: {=IFERROR(_xlfn.IFS(C10="CT not detected","N/A",'Cq and Delta Cq'!C7>'VITA Index summary'!$T$16,"Indeterminate",'Cq and Delta Cq'!D7>'VITA Index summary'!$T$22,"Indeterminate",'Cq and Delta Cq'!C7<'VITA Index summary'!$T$16,2^('Cq and Delta Cq'!I7)/2,'Cq and Delta Cq'!D7<'VITA Index summary'!$T$22,2^('Cq and Delta Cq'!I7)/2),"Indeterminate")} -> N/A | E10: =$O$8 -> 1.57 | F10: =IF(OR(AND('Cq and Delta Cq'!F7>'VITA Index summary'!$O$27,'Cq and Delta Cq'!F7<'VITA Index summary'!$O$28),AND('Cq and Delta Cq'!G7>'VITA Index summary'!$O$33,'Cq and Delta Cq'!G7<'VITA Index summary'!$O$34)),"NG detected", "NG not detected") -> NG not detected | G10: {=IFERROR(_xlfn.IFS(F10="NG not detected","N/A",'Cq and Delta Cq'!F7>'VITA Index summary'!$T$28,"Indeterminate",'Cq and Delta Cq'!G7>'VITA Index summary'!$T$34,"Indeterminate",'Cq and Delta Cq'!F7<'VITA Index summary'!$T$28,2^('Cq and Delta Cq'!J7)/2,'Cq and Delta Cq'!G7<'VITA Index summary'!$T$34,2^('Cq and Delta Cq'!J7)/2),"Indeterminate")} -> N/A | H10: =$O$7 -> 1.46 | I10: =IFERROR(IF(AND('VITA Index summary'!$O$39<'Cq and Delta Cq'!E7,'Cq and Delta Cq'!E7<'VITA Index summary'!$O$40),"EC VALID","EC INVALID"),"EC INVALID") -> EC VALID
A11: ='Cq and Delta Cq'!A8 -> A7 | B11: ='Cq and Delta Cq'!B8 -> OM3-009_5 min | C11: =IF(OR(AND('Cq and Delta Cq'!C8>'VITA Index summary'!$O$15,'Cq and Delta Cq'!C8<'VITA Index summary'!$O$16),AND('Cq and Delta Cq'!D8>'VITA Index summary'!$O$21,'Cq and Delta Cq'!D8<'VITA Index summary'!$O$22)),"CT detected", "CT not detected") -> CT not detected | D11: {=IFERROR(_xlfn.IFS(C11="CT not detected","N/A",'Cq and Delta Cq'!C8>'VITA Index summary'!$T$16,"Indeterminate",'Cq and Delta Cq'!D8>'VITA Index summary'!$T$22,"Indeterminate",'Cq and Delta Cq'!C8<'VITA Index summary'!$T$16,2^('Cq and Delta Cq'!I8)/2,'Cq and Delta Cq'!D8<'VITA Index summary'!$T$22,2^('Cq and Delta Cq'!I8)/2),"Indeterminate")} -> N/A | E11: =$O$8 -> 1.57 | F11: =IF(OR(AND('Cq and Delta Cq'!F8>'VITA Index summary'!$O$27,'Cq and Delta Cq'!F8<'VITA Index summary'!$O$28),AND('Cq and Delta Cq'!G8>'VITA Index summary'!$O$33,'Cq and Delta Cq'!G8<'VITA Index summary'!$O$34)),"NG detected", "NG not detected") -> NG not detected | G11: {=IFERROR(_xlfn.IFS(F11="NG not detected","N/A",'Cq and Delta Cq'!F8>'VITA Index summary'!$T$28,"Indeterminate",'Cq and Delta Cq'!G8>'VITA Index summary'!$T$34,"Indeterminate",'Cq and Delta Cq'!F8<'VITA Index summary'!$T$28,2^('Cq and Delta Cq'!J8)/2,'Cq and Delta Cq'!G8<'VITA Index summary'!$T$34,2^('Cq and Delta Cq'!J8)/2),"Indeterminate")} -> N/A | H11: =$O$7 -> 1.46 | I11: =IFERROR(IF(AND('VITA Index summary'!$O$39<'Cq and Delta Cq'!E8,'Cq and Delta Cq'!E8<'VITA Index summary'!$O$40),"EC VALID","EC INVALID"),"EC INVALID") -> EC VALID
A12: ='Cq and Delta Cq'!A9 -> A8 | B12: ='Cq and Delta Cq'!B9 -> OM3-009_30 min | C12: =IF(OR(AND('Cq and Delta Cq'!C9>'VITA Index summary'!$O$15,'Cq and Delta Cq'!C9<'VITA Index summary'!$O$16),AND('Cq and Delta Cq'!D9>'VITA Index summary'!$O$21,'Cq and Delta Cq'!D9<'VITA Index summary'!$O$22)),"CT detected", "CT not detected") -> CT not detected | D12: {=IFERROR(_xlfn.IFS(C12="CT not detected","N/A",'Cq and Delta Cq'!C9>'VITA Index summary'!$T$16,"Indeterminate",'Cq and Delta Cq'!D9>'VITA Index summary'!$T$22,"Indeterminate",'Cq and Delta Cq'!C9<'VITA Index summary'!$T$16,2^('Cq and Delta Cq'!I9)/2,'Cq and Delta Cq'!D9<'VITA Index summary'!$T$22,2^('Cq and Delta Cq'!I9)/2),"Indeterminate")} -> N/A | E12: =$O$8 -> 1.57 | F12: =IF(OR(AND('Cq and Delta Cq'!F9>'VITA Index summary'!$O$27,'Cq and Delta Cq'!F9<'VITA Index summary'!$O$28),AND('Cq and Delta Cq'!G9>'VITA Index summary'!$O$33,'Cq and Delta Cq'!G9<'VITA Index summary'!$O$34)),"NG detected", "NG not detected") -> NG detected | G12: {=IFERROR(_xlfn.IFS(F12="NG not detected","N/A",'Cq and Delta Cq'!F9>'VITA Index summary'!$T$28,"Indeterminate",'Cq and Delta Cq'!G9>'VITA Index summary'!$T$34,"Indeterminate",'Cq and Delta Cq'!F9<'VITA Index summary'!$T$28,2^('Cq and Delta Cq'!J9)/2,'Cq and Delta Cq'!G9<'VITA Index summary'!$T$34,2^('Cq and Delta Cq'!J9)/2),"Indeterminate")} -> Indeterminate | H12: =$O$7 -> 1.46 | I12: =IFERROR(IF(AND('VITA Index summary'!$O$39<'Cq and Delta Cq'!E9,'Cq and Delta Cq'!E9<'VITA Index summary'!$O$40),"EC VALID","EC INVALID"),"EC INVALID") -> EC VALID
A13: ='Cq and Delta Cq'!A10 -> A9 | B13: ='Cq and Delta Cq'!B10 -> OM3-009_60 min | C13: =IF(OR(AND('Cq and Delta Cq'!C10>'VITA Index summary'!$O$15,'Cq and Delta Cq'!C10<'VITA Index summary'!$O$16),AND('Cq and Delta Cq'!D10>'VITA Index summary'!$O$21,'Cq and Delta Cq'!D10<'VITA Index summary'!$O$22)),"CT detected", "CT not detected") -> CT not detected | D13: {=IFERROR(_xlfn.IFS(C13="CT not detected","N/A",'Cq and Delta Cq'!C10>'VITA Index summary'!$T$16,"Indeterminate",'Cq and Delta Cq'!D10>'VITA Index summary'!$T$22,"Indeterminate",'Cq and Delta Cq'!C10<'VITA Index summary'!$T$16,2^('Cq and Delta Cq'!I10)/2,'Cq and Delta Cq'!D10<'VITA Index summary'!$T$22,2^('Cq and Delta Cq'!I10)/2),"Indeterminate")} -> N/A | E13: =$O$8 -> 1.57 | F13: =IF(OR(AND('Cq and Delta Cq'!F10>'VITA Index summary'!$O$27,'Cq and Delta Cq'!F10<'VITA Index summary'!$O$28),AND('Cq and Delta Cq'!G10>'VITA Index summary'!$O$33,'Cq and Delta Cq'!G10<'VITA Index summary'!$O$34)),"NG detected", "NG not detected") -> NG not detected | G13: {=IFERROR(_xlfn.IFS(F13="NG not detected","N/A",'Cq and Delta Cq'!F10>'VITA Index summary'!$T$28,"Indeterminate",'Cq and Delta Cq'!G10>'VITA Index summary'!$T$34,"Indeterminate",'Cq and Delta Cq'!F10<'VITA Index summary'!$T$28,2^('Cq and Delta Cq'!J10)/2,'Cq and Delta Cq'!G10<'VITA Index summary'!$T$34,2^('Cq and Delta Cq'!J10)/2),"Indeterminate")} -> N/A | H13: =$O$7 -> 1.46 | I13: =IFERROR(IF(AND('VITA Index summary'!$O$39<'Cq and Delta Cq'!E10,'Cq and Delta Cq'!E10<'VITA Index summary'!$O$40),"EC VALID","EC INVALID"),"EC INVALID") -> EC VALID
A14: ='Cq and Delta Cq'!A11 -> A10 | B14: ='Cq and Delta Cq'!B11 -> OM3-009_120 min | C14: =IF(OR(AND('Cq and Delta Cq'!C11>'VITA Index summary'!$O$15,'Cq and Delta Cq'!C11<'VITA Index summary'!$O$16),AND('Cq and Delta Cq'!D11>'VITA Index summary'!$O$21,'Cq and Delta Cq'!D11<'VITA Index summary'!$O$22)),"CT detected", "CT not detected") -> CT not detected | D14: {=IFERROR(_xlfn.IFS(C14="CT not detected","N/A",'Cq and Delta Cq'!C11>'VITA Index summary'!$T$16,"Indeterminate",'Cq and Delta Cq'!D11>'VITA Index summary'!$T$22,"Indeterminate",'Cq and Delta Cq'!C11<'VITA Index summary'!$T$16,2^('Cq and Delta Cq'!I11)/2,'Cq and Delta Cq'!D11<'VITA Index summary'!$T$22,2^('Cq and Delta Cq'!I11)/2),"Indeterminate")} -> N/A | E14: =$O$8 -> 1.57 | F14: =IF(OR(AND('Cq and Delta Cq'!F11>'VITA Index summary'!$O$27,'Cq and Delta Cq'!F11<'VITA Index summary'!$O$28),AND('Cq and Delta Cq'!G11>'VITA Index summary'!$O$33,'Cq and Delta Cq'!G11<'VITA Index summary'!$O$34)),"NG detected", "NG not detected") -> NG detected | G14: {=IFERROR(_xlfn.IFS(F14="NG not detected","N/A",'Cq and Delta Cq'!F11>'VITA Index summary'!$T$28,"Indeterminate",'Cq and Delta Cq'!G11>'VITA Index summary'!$T$34,"Indeterminate",'Cq and Delta Cq'!F11<'VITA Index summary'!$T$28,2^('Cq and Delta Cq'!J11)/2,'Cq and Delta Cq'!G11<'VITA Index summary'!$T$34,2^('Cq and Delta Cq'!J11)/2),"Indeterminate")} -> 1.6620948 | H14: =$O$7 -> 1.46 | I14: =IFERROR(IF(AND('VITA Index summary'!$O$39<'Cq and Delta Cq'!E11,'Cq and Delta Cq'!E11<'VITA Index summary'!$O$40),"EC VALID","EC INVALID"),"EC INVALID") -> EC VALID | N14: CT GAT cut-offs (Detection) | S14: CT GAT cut-offs (Viability)
A15: ='Cq and Delta Cq'!A12 -> A12 | B15: ='Cq and Delta Cq'!B12 -> NEG | C15: =IF(OR(AND('Cq and Delta Cq'!C12>'VITA Index summary'!$O$15,'Cq and Delta Cq'!C12<'VITA Index summary'!$O$16),AND('Cq and Delta Cq'!D12>'VITA Index summary'!$O$21,'Cq and Delta Cq'!D12<'VITA Index summary'!$O$22)),"CT detected", "CT not detected") -> CT not detected | D15: {=IFERROR(_xlfn.IFS(C15="CT not detected","N/A",'Cq and Delta Cq'!C12>'VITA Index summary'!$T$16,"Indeterminate",'Cq and Delta Cq'!D12>'VITA Index summary'!$T$22,"Indeterminate",'Cq and Delta Cq'!C12<'VITA Index summary'!$T$16,2^('Cq and Delta Cq'!I12)/2,'Cq and Delta Cq'!D12<'VITA Index summary'!$T$22,2^('Cq and Delta Cq'!I12)/2),"Indeterminate")} -> N/A | E15: =$O$8 -> 1.57 | F15: =IF(OR(AND('Cq and Delta Cq'!F12>'VITA Index summary'!$O$27,'Cq and Delta Cq'!F12<'VITA Index summary'!$O$28),AND('Cq and Delta Cq'!G12>'VITA Index summary'!$O$33,'Cq and Delta Cq'!G12<'VITA Index summary'!$O$34)),"NG detected", "NG not detected") -> NG not detected | G15: {=IFERROR(_xlfn.IFS(F15="NG not detected","N/A",'Cq and Delta Cq'!F12>'VITA Index summary'!$T$28,"Indeterminate",'Cq and Delta Cq'!G12>'VITA Index summary'!$T$34,"Indeterminate",'Cq and Delta Cq'!F12<'VITA Index summary'!$T$28,2^('Cq and Delta Cq'!J12)/2,'Cq and Delta Cq'!G12<'VITA Index summary'!$T$34,2^('Cq and Delta Cq'!J12)/2),"Indeterminate")} -> N/A | H15: =$O$7 -> 1.46 | I15: =IFERROR(IF(AND('VITA Index summary'!$O$39<'Cq and Delta Cq'!E12,'Cq and Delta Cq'!E12<'VITA Index summary'!$O$40),"EC VALID","EC INVALID"),"EC INVALID") -> EC INVALID | N15: < | O15: 0 | S15: < | T15: 0
A16: ='Cq and Delta Cq'!A13 -> B1 | B16: ='Cq and Delta Cq'!B13 -> OM3-002_0 min | C16: =IF(OR(AND('Cq and Delta Cq'!C13>'VITA Index summary'!$O$15,'Cq and Delta Cq'!C13<'VITA Index summary'!$O$16),AND('Cq and Delta Cq'!D13>'VITA Index summary'!$O$21,'Cq and Delta Cq'!D13<'VITA Index summary'!$O$22)),"CT detected", "CT not detected") -> CT not detected | D16: {=IFERROR(_xlfn.IFS(C16="CT not detected","N/A",'Cq and Delta Cq'!C13>'VITA Index summary'!$T$16,"Indeterminate",'Cq and Delta Cq'!D13>'VITA Index summary'!$T$22,"Indeterminate",'Cq and Delta Cq'!C13<'VITA Index summary'!$T$16,2^('Cq and Delta Cq'!I13)/2,'Cq and Delta Cq'!D13<'VITA Index summary'!$T$22,2^('Cq and Delta Cq'!I13)/2),"Indeterminate")} -> N/A | E16: =$O$8 -> 1.57 | F16: =IF(OR(AND('Cq and Delta Cq'!F13>'VITA Index summary'!$O$27,'Cq and Delta Cq'!F13<'VITA Index summary'!$O$28),AND('Cq and Delta Cq'!G13>'VITA Index summary'!$O$33,'Cq and Delta Cq'!G13<'VITA Index summary'!$O$34)),"NG detected", "NG not detected") -> NG detected | G16: {=IFERROR(_xlfn.IFS(F16="NG not detected","N/A",'Cq and Delta Cq'!F13>'VITA Index summary'!$T$28,"Indeterminate",'Cq and Delta Cq'!G13>'VITA Index summary'!$T$34,"Indeterminate",'Cq and Delta Cq'!F13<'VITA Index summary'!$T$28,2^('Cq and Delta Cq'!J13)/2,'Cq and Delta Cq'!G13<'VITA Index summary'!$T$34,2^('Cq and Delta Cq'!J13)/2),"Indeterminate")} -> 1.1562313 | H16: =$O$7 -> 1.46 | I16: =IFERROR(IF(AND('VITA Index summary'!$O$39<'Cq and Delta Cq'!E13,'Cq and Delta Cq'!E13<'VITA Index summary'!$O$40),"EC VALID","EC INVALID"),"EC INVALID") -> EC VALID | N16: > | O16: =42.1-5 -> 37.1 | S16: > | T16: =34.7-5 -> 29.7
A17: ='Cq and Delta Cq'!A14 -> B2 | B17: ='Cq and Delta Cq'!B14 -> OM3-002_5 min | C17: =IF(OR(AND('Cq and Delta Cq'!C14>'VITA Index summary'!$O$15,'Cq and Delta Cq'!C14<'VITA Index summary'!$O$16),AND('Cq and Delta Cq'!D14>'VITA Index summary'!$O$21,'Cq and Delta Cq'!D14<'VITA Index summary'!$O$22)),"CT detected", "CT not detected") -> CT not detected | D17: {=IFERROR(_xlfn.IFS(C17="CT not detected","N/A",'Cq and Delta Cq'!C14>'VITA Index summary'!$T$16,"Indeterminate",'Cq and Delta Cq'!D14>'VITA Index summary'!$T$22,"Indeterminate",'Cq and Delta Cq'!C14<'VITA Index summary'!$T$16,2^('Cq and Delta Cq'!I14)/2,'Cq and Delta Cq'!D14<'VITA Index summary'!$T$22,2^('Cq and Delta Cq'!I14)/2),"Indeterminate")} -> N/A | E17: =$O$8 -> 1.57 | F17: =IF(OR(AND('Cq and Delta Cq'!F14>'VITA Index summary'!$O$27,'Cq and Delta Cq'!F14<'VITA Index summary'!$O$28),AND('Cq and Delta Cq'!G14>'VITA Index summary'!$O$33,'Cq and Delta Cq'!G14<'VITA Index summary'!$O$34)),"NG detected", "NG not detected") -> NG detected | G17: {=IFERROR(_xlfn.IFS(F17="NG not detected","N/A",'Cq and Delta Cq'!F14>'VITA Index summary'!$T$28,"Indeterminate",'Cq and Delta Cq'!G14>'VITA Index summary'!$T$34,"Indeterminate",'Cq and Delta Cq'!F14<'VITA Index summary'!$T$28,2^('Cq and Delta Cq'!J14)/2,'Cq and Delta Cq'!G14<'VITA Index summary'!$T$34,2^('Cq and Delta Cq'!J14)/2),"Indeterminate")} -> 2.0806876 | H17: =$O$7 -> 1.46 | I17: =IFERROR(IF(AND('VITA Index summary'!$O$39<'Cq and Delta Cq'!E14,'Cq and Delta Cq'!E14<'VITA Index summary'!$O$40),"EC VALID","EC INVALID"),"EC INVALID") -> EC VALID
A18: ='Cq and Delta Cq'!A15 -> B3 | B18: ='Cq and Delta Cq'!B15 -> OM3-002_30 min | C18: =IF(OR(AND('Cq and Delta Cq'!C15>'VITA Index summary'!$O$15,'Cq and Delta Cq'!C15<'VITA Index summary'!$O$16),AND('Cq and Delta Cq'!D15>'VITA Index summary'!$O$21,'Cq and Delta Cq'!D15<'VITA Index summary'!$O$22)),"CT detected", "CT not detected") -> CT not detected | D18: {=IFERROR(_xlfn.IFS(C18="CT not detected","N/A",'Cq and Delta Cq'!C15>'VITA Index summary'!$T$16,"Indeterminate",'Cq and Delta Cq'!D15>'VITA Index summary'!$T$22,"Indeterminate",'Cq and Delta Cq'!C15<'VITA Index summary'!$T$16,2^('Cq and Delta Cq'!I15)/2,'Cq and Delta Cq'!D15<'VITA Index summary'!$T$22,2^('Cq and Delta Cq'!I15)/2),"Indeterminate")} -> N/A | E18: =$O$8 -> 1.57 | F18: =IF(OR(AND('Cq and Delta Cq'!F15>'VITA Index summary'!$O$27,'Cq and Delta Cq'!F15<'VITA Index summary'!$O$28),AND('Cq and Delta Cq'!G15>'VITA Index summary'!$O$33,'Cq and Delta Cq'!G15<'VITA Index summary'!$O$34)),"NG detected", "NG not detected") -> NG detected | G18: {=IFERROR(_xlfn.IFS(F18="NG not detected","N/A",'Cq and Delta Cq'!F15>'VITA Index summary'!$T$28,"Indeterminate",'Cq and Delta Cq'!G15>'VITA Index summary'!$T$34,"Indeterminate",'Cq and Delta Cq'!F15<'VITA Index summary'!$T$28,2^('Cq and Delta Cq'!J15)/2,'Cq and Delta Cq'!G15<'VITA Index summary'!$T$34,2^('Cq and Delta Cq'!J15)/2),"Indeterminate")} -> 2.9827337 | H18: =$O$7 -> 1.46 | I18: =IFERROR(IF(AND('VITA Index summary'!$O$39<'Cq and Delta Cq'!E15,'Cq and Delta Cq'!E15<'VITA Index summary'!$O$40),"EC VALID","EC INVALID"),"EC INVALID") -> EC VALID
A19: ='Cq and Delta Cq'!A16 -> B4 | B19: ='Cq and Delta Cq'!B16 -> OM3-002_60 min | C19: =IF(OR(AND('Cq and Delta Cq'!C16>'VITA Index summary'!$O$15,'Cq and Delta Cq'!C16<'VITA Index summary'!$O$16),AND('Cq and Delta Cq'!D16>'VITA Index summary'!$O$21,'Cq and Delta Cq'!D16<'VITA Index summary'!$O$22)),"CT detected", "CT not detected") -> CT not detected | D19: {=IFERROR(_xlfn.IFS(C19="CT not detected","N/A",'Cq and Delta Cq'!C16>'VITA Index summary'!$T$16,"Indeterminate",'Cq and Delta Cq'!D16>'VITA Index summary'!$T$22,"Indeterminate",'Cq and Delta Cq'!C16<'VITA Index summary'!$T$16,2^('Cq and Delta Cq'!I16)/2,'Cq and Delta Cq'!D16<'VITA Index summary'!$T$22,2^('Cq and Delta Cq'!I16)/2),"Indeterminate")} -> N/A | E19: =$O$8 -> 1.57 | F19: =IF(OR(AND('Cq and Delta Cq'!F16>'VITA Index summary'!$O$27,'Cq and Delta Cq'!F16<'VITA Index summary'!$O$28),AND('Cq and Delta Cq'!G16>'VITA Index summary'!$O$33,'Cq and Delta Cq'!G16<'VITA Index summary'!$O$34)),"NG detected", "NG not detected") -> NG detected | G19: {=IFERROR(_xlfn.IFS(F19="NG not detected","N/A",'Cq and Delta Cq'!F16>'VITA Index summary'!$T$28,"Indeterminate",'Cq and Delta Cq'!G16>'VITA Index summary'!$T$34,"Indeterminate",'Cq and Delta Cq'!F16<'VITA Index summary'!$T$28,2^('Cq and Delta Cq'!J16)/2,'Cq and Delta Cq'!G16<'VITA Index summary'!$T$34,2^('Cq and Delta Cq'!J16)/2),"Indeterminate")} -> 2.3351336 | H19: =$O$7 -> 1.46 | I19: =IFERROR(IF(AND('VITA Index summary'!$O$39<'Cq and Delta Cq'!E16,'Cq and Delta Cq'!E16<'VITA Index summary'!$O$40),"EC VALID","EC INVALID"),"EC INVALID") -> EC VALID
A20: ='Cq and Delta Cq'!A17 -> B5 | B20: ='Cq and Delta Cq'!B17 -> OM3-002_120 min | C20: =IF(OR(AND('Cq and Delta Cq'!C17>'VITA Index summary'!$O$15,'Cq and Delta Cq'!C17<'VITA Index summary'!$O$16),AND('Cq and Delta Cq'!D17>'VITA Index summary'!$O$21,'Cq and Delta Cq'!D17<'VITA Index summary'!$O$22)),"CT detected", "CT not detected") -> CT not detected | D20: {=IFERROR(_xlfn.IFS(C20="CT not detected","N/A",'Cq and Delta Cq'!C17>'VITA Index summary'!$T$16,"Indeterminate",'Cq and Delta Cq'!D17>'VITA Index summary'!$T$22,"Indeterminate",'Cq and Delta Cq'!C17<'VITA Index summary'!$T$16,2^('Cq and Delta Cq'!I17)/2,'Cq and Delta Cq'!D17<'VITA Index summary'!$T$22,2^('Cq and Delta Cq'!I17)/2),"Indeterminate")} -> N/A | E20: =$O$8 -> 1.57 | F20: =IF(OR(AND('Cq and Delta Cq'!F17>'VITA Index summary'!$O$27,'Cq and Delta Cq'!F17<'VITA Index summary'!$O$28),AND('Cq and Delta Cq'!G17>'VITA Index summary'!$O$33,'Cq and Delta Cq'!G17<'VITA Index summary'!$O$34)),"NG detected", "NG not detected") -> NG detected | G20: {=IFERROR(_xlfn.IFS(F20="NG not detected","N/A",'Cq and Delta Cq'!F17>'VITA Index summary'!$T$28,"Indeterminate",'Cq and Delta Cq'!G17>'VITA Index summary'!$T$34,"Indeterminate",'Cq and Delta Cq'!F17<'VITA Index summary'!$T$28,2^('Cq and Delta Cq'!J17)/2,'Cq and Delta Cq'!G17<'VITA Index summary'!$T$34,2^('Cq and Delta Cq'!J17)/2),"Indeterminate")} -> 2.9164826 | H20: =$O$7 -> 1.46 | I20: =IFERROR(IF(AND('VITA Index summary'!$O$39<'Cq and Delta Cq'!E17,'Cq and Delta Cq'!E17<'VITA Index summary'!$O$40),"EC VALID","EC INVALID"),"EC INVALID") -> EC VALID | N20: CT NED cut-offs (Detection) | S20: CT NED cut-offs (Viability)
A21: ='Cq and Delta Cq'!A18 -> B6 | B21: ='Cq and Delta Cq'!B18 -> OM3-010_0 min | C21: =IF(OR(AND('Cq and Delta Cq'!C18>'VITA Index summary'!$O$15,'Cq and Delta Cq'!C18<'VITA Index summary'!$O$16),AND('Cq and Delta Cq'!D18>'VITA Index summary'!$O$21,'Cq and Delta Cq'!D18<'VITA Index summary'!$O$22)),"CT detected", "CT not detected") -> CT not detected | D21: {=IFERROR(_xlfn.IFS(C21="CT not detected","N/A",'Cq and Delta Cq'!C18>'VITA Index summary'!$T$16,"Indeterminate",'Cq and Delta Cq'!D18>'VITA Index summary'!$T$22,"Indeterminate",'Cq and Delta Cq'!C18<'VITA Index summary'!$T$16,2^('Cq and Delta Cq'!I18)/2,'Cq and Delta Cq'!D18<'VITA Index summary'!$T$22,2^('Cq and Delta Cq'!I18)/2),"Indeterminate")} -> N/A | E21: =$O$8 -> 1.57 | F21: =IF(OR(AND('Cq and Delta Cq'!F18>'VITA Index summary'!$O$27,'Cq and Delta Cq'!F18<'VITA Index summary'!$O$28),AND('Cq and Delta Cq'!G18>'VITA Index summary'!$O$33,'Cq and Delta Cq'!G18<'VITA Index summary'!$O$34)),"NG detected", "NG not detected") -> NG detected | G21: {=IFERROR(_xlfn.IFS(F21="NG not detected","N/A",'Cq and Delta Cq'!F18>'VITA Index summary'!$T$28,"Indeterminate",'Cq and Delta Cq'!G18>'VITA Index summary'!$T$34,"Indeterminate",'Cq and Delta Cq'!F18<'VITA Index summary'!$T$28,2^('Cq and Delta Cq'!J18)/2,'Cq and Delta Cq'!G18<'VITA Index summary'!$T$34,2^('Cq and Delta Cq'!J18)/2),"Indeterminate")} -> Indeterminate | H21: =$O$7 -> 1.46 | I21: =IFERROR(IF(AND('VITA Index summary'!$O$39<'Cq and Delta Cq'!E18,'Cq and Delta Cq'!E18<'VITA Index summary'!$O$40),"EC VALID","EC INVALID"),"EC INVALID") -> EC VALID | N21: < | O21: 0 | S21: < | T21: 0
A22: ='Cq and Delta Cq'!A19 -> B7 | B22: ='Cq and Delta Cq'!B19 -> OM3-010_5 min | C22: =IF(OR(AND('Cq and Delta Cq'!C19>'VITA Index summary'!$O$15,'Cq and Delta Cq'!C19<'VITA Index summary'!$O$16),AND('Cq and Delta Cq'!D19>'VITA Index summary'!$O$21,'Cq and Delta Cq'!D19<'VITA Index summary'!$O$22)),"CT detected", "CT not detected") -> CT not detected | D22: {=IFERROR(_xlfn.IFS(C22="CT not detected","N/A",'Cq and Delta Cq'!C19>'VITA Index summary'!$T$16,"Indeterminate",'Cq and Delta Cq'!D19>'VITA Index summary'!$T$22,"Indeterminate",'Cq and Delta Cq'!C19<'VITA Index summary'!$T$16,2^('Cq and Delta Cq'!I19)/2,'Cq and Delta Cq'!D19<'VITA Index summary'!$T$22,2^('Cq and Delta Cq'!I19)/2),"Indeterminate")} -> N/A | E22: =$O$8 -> 1.57 | F22: =IF(OR(AND('Cq and Delta Cq'!F19>'VITA Index summary'!$O$27,'Cq and Delta Cq'!F19<'VITA Index summary'!$O$28),AND('Cq and Delta Cq'!G19>'VITA Index summary'!$O$33,'Cq and Delta Cq'!G19<'VITA Index summary'!$O$34)),"NG detected", "NG not detected") -> NG detected | G22: {=IFERROR(_xlfn.IFS(F22="NG not detected","N/A",'Cq and Delta Cq'!F19>'VITA Index summary'!$T$28,"Indeterminate",'Cq and Delta Cq'!G19>'VITA Index summary'!$T$34,"Indeterminate",'Cq and Delta Cq'!F19<'VITA Index summary'!$T$28,2^('Cq and Delta Cq'!J19)/2,'Cq and Delta Cq'!G19<'VITA Index summary'!$T$34,2^('Cq and Delta Cq'!J19)/2),"Indeterminate")} -> Indeterminate | H22: =$O$7 -> 1.46 | I22: =IFERROR(IF(AND('VITA Index summary'!$O$39<'Cq and Delta Cq'!E19,'Cq and Delta Cq'!E19<'VITA Index summary'!$O$40),"EC VALID","EC INVALID"),"EC INVALID") -> EC VALID | N22: > | O22: =41.9-5 -> 36.9 | S22: > | T22: =35.6-5 -> 30.6
A23: ='Cq and Delta Cq'!A20 -> B8 | B23: ='Cq and Delta Cq'!B20 -> OM3-010_30 min | C23: =IF(OR(AND('Cq and Delta Cq'!C20>'VITA Index summary'!$O$15,'Cq and Delta Cq'!C20<'VITA Index summary'!$O$16),AND('Cq and Delta Cq'!D20>'VITA Index summary'!$O$21,'Cq and Delta Cq'!D20<'VITA Index summary'!$O$22)),"CT detected", "CT not detected") -> CT not detected | D23: {=IFERROR(_xlfn.IFS(C23="CT not detected","N/A",'Cq and Delta Cq'!C20>'VITA Index summary'!$T$16,"Indeterminate",'Cq and Delta Cq'!D20>'VITA Index summary'!$T$22,"Indeterminate",'Cq and Delta Cq'!C20<'VITA Index summary'!$T$16,2^('Cq and Delta Cq'!I20)/2,'Cq and Delta Cq'!D20<'VITA Index summary'!$T$22,2^('Cq and Delta Cq'!I20)/2),"Indeterminate")} -> N/A | E23: =$O$8 -> 1.57 | F23: =IF(OR(AND('Cq and Delta Cq'!F20>'VITA Index summary'!$O$27,'Cq and Delta Cq'!F20<'VITA Index summary'!$O$28),AND('Cq and Delta Cq'!G20>'VITA Index summary'!$O$33,'Cq and Delta Cq'!G20<'VITA Index summary'!$O$34)),"NG detected", "NG not detected") -> NG detected | G23: {=IFERROR(_xlfn.IFS(F23="NG not detected","N/A",'Cq and Delta Cq'!F20>'VITA Index summary'!$T$28,"Indeterminate",'Cq and Delta Cq'!G20>'VITA Index summary'!$T$34,"Indeterminate",'Cq and Delta Cq'!F20<'VITA Index summary'!$T$28,2^('Cq and Delta Cq'!J20)/2,'Cq and Delta Cq'!G20<'VITA Index summary'!$T$34,2^('Cq and Delta Cq'!J20)/2),"Indeterminate")} -> Indeterminate | H23: =$O$7 -> 1.46 | I23: =IFERROR(IF(AND('VITA Index summary'!$O$39<'Cq and Delta Cq'!E20,'Cq and Delta Cq'!E20<'VITA Index summary'!$O$40),"EC VALID","EC INVALID"),"EC INVALID") -> EC VALID
A24: ='Cq and Delta Cq'!A21 -> B9 | B24: ='Cq and Delta Cq'!B21 -> OM3-010_60 min | C24: =IF(OR(AND('Cq and Delta Cq'!C21>'VITA Index summary'!$O$15,'Cq and Delta Cq'!C21<'VITA Index summary'!$O$16),AND('Cq and Delta Cq'!D21>'VITA Index summary'!$O$21,'Cq and Delta Cq'!D21<'VITA Index summary'!$O$22)),"CT detected", "CT not detected") -> CT not detected | D24: {=IFERROR(_xlfn.IFS(C24="CT not detected","N/A",'Cq and Delta Cq'!C21>'VITA Index summary'!$T$16,"Indeterminate",'Cq and Delta Cq'!D21>'VITA Index summary'!$T$22,"Indeterminate",'Cq and Delta Cq'!C21<'VITA Index summary'!$T$16,2^('Cq and Delta Cq'!I21)/2,'Cq and Delta Cq'!D21<'VITA Index summary'!$T$22,2^('Cq and Delta Cq'!I21)/2),"Indeterminate")} -> N/A | E24: =$O$8 -> 1.57 | F24: =IF(OR(AND('Cq and Delta Cq'!F21>'VITA Index summary'!$O$27,'Cq and Delta Cq'!F21<'VITA Index summary'!$O$28),AND('Cq and Delta Cq'!G21>'VITA Index summary'!$O$33,'Cq and Delta Cq'!G21<'VITA Index summary'!$O$34)),"NG detected", "NG not detected") -> NG detected | G24: {=IFERROR(_xlfn.IFS(F24="NG not detected","N/A",'Cq and Delta Cq'!F21>'VITA Index summary'!$T$28,"Indeterminate",'Cq and Delta Cq'!G21>'VITA Index summary'!$T$34,"Indeterminate",'Cq and Delta Cq'!F21<'VITA Index summary'!$T$28,2^('Cq and Delta Cq'!J21)/2,'Cq and Delta Cq'!G21<'VITA Index summary'!$T$34,2^('Cq and Delta Cq'!J21)/2),"Indeterminate")} -> 1.8355259 | H24: =$O$7 -> 1.46 | I24: =IFERROR(IF(AND('VITA Index summary'!$O$39<'Cq and Delta Cq'!E21,'Cq and Delta Cq'!E21<'VITA Index summary'!$O$40),"EC VALID","EC INVALID"),"EC INVALID") -> EC VALID
A25: ='Cq and Delta Cq'!A22 -> B10 | B25: ='Cq and Delta Cq'!B22 -> OM3-010_120 min | C25: =IF(OR(AND('Cq and Delta Cq'!C22>'VITA Index summary'!$O$15,'Cq and Delta Cq'!C22<'VITA Index summary'!$O$16),AND('Cq and Delta Cq'!D22>'VITA Index summary'!$O$21,'Cq and Delta Cq'!D22<'VITA Index summary'!$O$22)),"CT detected", "CT not detected") -> CT not detected | D25: {=IFERROR(_xlfn.IFS(C25="CT not detected","N/A",'Cq and Delta Cq'!C22>'VITA Index summary'!$T$16,"Indeterminate",'Cq and Delta Cq'!D22>'VITA Index summary'!$T$22,"Indeterminate",'Cq and Delta Cq'!C22<'VITA Index summary'!$T$16,2^('Cq and Delta Cq'!I22)/2,'Cq and Delta Cq'!D22<'VITA Index summary'!$T$22,2^('Cq and Delta Cq'!I22)/2),"Indeterminate")} -> N/A | E25: =$O$8 -> 1.57 | F25: =IF(OR(AND('Cq and Delta Cq'!F22>'VITA Index summary'!$O$27,'Cq and Delta Cq'!F22<'VITA Index summary'!$O$28),AND('Cq and Delta Cq'!G22>'VITA Index summary'!$O$33,'Cq and Delta Cq'!G22<'VITA Index summary'!$O$34)),"NG detected", "NG not detected") -> NG detected | G25: {=IFERROR(_xlfn.IFS(F25="NG not detected","N/A",'Cq and Delta Cq'!F22>'VITA Index summary'!$T$28,"Indeterminate",'Cq and Delta Cq'!G22>'VITA Index summary'!$T$34,"Indeterminate",'Cq and Delta Cq'!F22<'VITA Index summary'!$T$28,2^('Cq and Delta Cq'!J22)/2,'Cq and Delta Cq'!G22<'VITA Index summary'!$T$34,2^('Cq and Delta Cq'!J22)/2),"Indeterminate")} -> Indeterminate | H25: =$O$7 -> 1.46 | I25: =IFERROR(IF(AND('VITA Index summary'!$O$39<'Cq and Delta Cq'!E22,'Cq and Delta Cq'!E22<'VITA Index summary'!$O$40),"EC VALID","EC INVALID"),"EC INVALID") -> EC VALID
A26: ='Cq and Delta Cq'!A23 -> B12 | B26: ='Cq and Delta Cq'!B23 -> NTC | C26: =IF(OR(AND('Cq and Delta Cq'!C23>'VITA Index summary'!$O$15,'Cq and Delta Cq'!C23<'VITA Index summary'!$O$16),AND('Cq and Delta Cq'!D23>'VITA Index summary'!$O$21,'Cq and Delta Cq'!D23<'VITA Index summary'!$O$22)),"CT detected", "CT not detected") -> CT not detected | D26: {=IFERROR(_xlfn.IFS(C26="CT not detected","N/A",'Cq and Delta Cq'!C23>'VITA Index summary'!$T$16,"Indeterminate",'Cq and Delta Cq'!D23>'VITA Index summary'!$T$22,"Indeterminate",'Cq and Delta Cq'!C23<'VITA Index summary'!$T$16,2^('Cq and Delta Cq'!I23)/2,'Cq and Delta Cq'!D23<'VITA Index summary'!$T$22,2^('Cq and Delta Cq'!I23)/2),"Indeterminate")} -> N/A | E26: =$O$8 -> 1.57 | F26: =IF(OR(AND('Cq and Delta Cq'!F23>'VITA Index summary'!$O$27,'Cq and Delta Cq'!F23<'VITA Index summary'!$O$28),AND('Cq and Delta Cq'!G23>'VITA Index summary'!$O$33,'Cq and Delta Cq'!G23<'VITA Index summary'!$O$34)),"NG detected", "NG not detected") -> NG not detected | G26: {=IFERROR(_xlfn.IFS(F26="NG not detected","N/A",'Cq and Delta Cq'!F23>'VITA Index summary'!$T$28,"Indeterminate",'Cq and Delta Cq'!G23>'VITA Index summary'!$T$34,"Indeterminate",'Cq and Delta Cq'!F23<'VITA Index summary'!$T$28,2^('Cq and Delta Cq'!J23)/2,'Cq and Delta Cq'!G23<'VITA Index summary'!$T$34,2^('Cq and Delta Cq'!J23)/2),"Indeterminate")} -> N/A | H26: =$O$7 -> 1.46 | I26: =IFERROR(IF(AND('VITA Index summary'!$O$39<'Cq and Delta Cq'!E23,'Cq and Delta Cq'!E23<'VITA Index summary'!$O$40),"EC VALID","EC INVALID"),"EC INVALID") -> EC INVALID | N26: NG GAT cut-offs (Detection) | S26: NG GAT cut-offs (Viability)
A27: ='Cq and Delta Cq'!A24 -> C1 | B27: ='Cq and Delta Cq'!B24 -> OM3-003_0 min | C27: =IF(OR(AND('Cq and Delta Cq'!C24>'VITA Index summary'!$O$15,'Cq and Delta Cq'!C24<'VITA Index summary'!$O$16),AND('Cq and Delta Cq'!D24>'VITA Index summary'!$O$21,'Cq and Delta Cq'!D24<'VITA Index summary'!$O$22)),"CT detected", "CT not detected") -> CT not detected | D27: {=IFERROR(_xlfn.IFS(C27="CT not detected","N/A",'Cq and Delta Cq'!C24>'VITA Index summary'!$T$16,"Indeterminate",'Cq and Delta Cq'!D24>'VITA Index summary'!$T$22,"Indeterminate",'Cq and Delta Cq'!C24<'VITA Index summary'!$T$16,2^('Cq and Delta Cq'!I24)/2,'Cq and Delta Cq'!D24<'VITA Index summary'!$T$22,2^('Cq and Delta Cq'!I24)/2),"Indeterminate")} -> N/A | E27: =$O$8 -> 1.57 | F27: =IF(OR(AND('Cq and Delta Cq'!F24>'VITA Index summary'!$O$27,'Cq and Delta Cq'!F24<'VITA Index summary'!$O$28),AND('Cq and Delta Cq'!G24>'VITA Index summary'!$O$33,'Cq and Delta Cq'!G24<'VITA Index summary'!$O$34)),"NG detected", "NG not detected") -> NG not detected | G27: {=IFERROR(_xlfn.IFS(F27="NG not detected","N/A",'Cq and Delta Cq'!F24>'VITA Index summary'!$T$28,"Indeterminate",'Cq and Delta Cq'!G24>'VITA Index summary'!$T$34,"Indeterminate",'Cq and Delta Cq'!F24<'VITA Index summary'!$T$28,2^('Cq and Delta Cq'!J24)/2,'Cq and Delta Cq'!G24<'VITA Index summary'!$T$34,2^('Cq and Delta Cq'!J24)/2),"Indeterminate")} -> N/A | H27: =$O$7 -> 1.46 | I27: =IFERROR(IF(AND('VITA Index summary'!$O$39<'Cq and Delta Cq'!E24,'Cq and Delta Cq'!E24<'VITA Index summary'!$O$40),"EC VALID","EC INVALID"),"EC INVALID") -> EC VALID | N27: < | O27: 0 | S27: < | T27: 0
A28: ='Cq and Delta Cq'!A25 -> C2 | B28: ='Cq and Delta Cq'!B25 -> OM3-003_5 min | C28: =IF(OR(AND('Cq and Delta Cq'!C25>'VITA Index summary'!$O$15,'Cq and Delta Cq'!C25<'VITA Index summary'!$O$16),AND('Cq and Delta Cq'!D25>'VITA Index summary'!$O$21,'Cq and Delta Cq'!D25<'VITA Index summary'!$O$22)),"CT detected", "CT not detected") -> CT not detected | D28: {=IFERROR(_xlfn.IFS(C28="CT not detected","N/A",'Cq and Delta Cq'!C25>'VITA Index summary'!$T$16,"Indeterminate",'Cq and Delta Cq'!D25>'VITA Index summary'!$T$22,"Indeterminate",'Cq and Delta Cq'!C25<'VITA Index summary'!$T$16,2^('Cq and Delta Cq'!I25)/2,'Cq and Delta Cq'!D25<'VITA Index summary'!$T$22,2^('Cq and Delta Cq'!I25)/2),"Indeterminate")} -> N/A | E28: =$O$8 -> 1.57 | F28: =IF(OR(AND('Cq and Delta Cq'!F25>'VITA Index summary'!$O$27,'Cq and Delta Cq'!F25<'VITA Index summary'!$O$28),AND('Cq and Delta Cq'!G25>'VITA Index summary'!$O$33,'Cq and Delta Cq'!G25<'VITA Index summary'!$O$34)),"NG detected", "NG not detected") -> NG not detected | G28: {=IFERROR(_xlfn.IFS(F28="NG not detected","N/A",'Cq and Delta Cq'!F25>'VITA Index summary'!$T$28,"Indeterminate",'Cq and Delta Cq'!G25>'VITA Index summary'!$T$34,"Indeterminate",'Cq and Delta Cq'!F25<'VITA Index summary'!$T$28,2^('Cq and Delta Cq'!J25)/2,'Cq and Delta Cq'!G25<'VITA Index summary'!$T$34,2^('Cq and Delta Cq'!J25)/2),"Indeterminate")} -> N/A | H28: =$O$7 -> 1.46 | I28: =IFERROR(IF(AND('VITA Index summary'!$O$39<'Cq and Delta Cq'!E25,'Cq and Delta Cq'!E25<'VITA Index summary'!$O$40),"EC VALID","EC INVALID"),"EC INVALID") -> EC VALID | N28: > | O28: =39.2-5 -> 34.2 | S28: > | T28: =35.6-5 -> 30.6
A29: ='Cq and Delta Cq'!A26 -> C3 | B29: ='Cq and Delta Cq'!B26 -> OM3-003_30 min | C29: =IF(OR(AND('Cq and Delta Cq'!C26>'VITA Index summary'!$O$15,'Cq and Delta Cq'!C26<'VITA Index summary'!$O$16),AND('Cq and Delta Cq'!D26>'VITA Index summary'!$O$21,'Cq and Delta Cq'!D26<'VITA Index summary'!$O$22)),"CT detected", "CT not detected") -> CT not detected | D29: {=IFERROR(_xlfn.IFS(C29="CT not detected","N/A",'Cq and Delta Cq'!C26>'VITA Index summary'!$T$16,"Indeterminate",'Cq and Delta Cq'!D26>'VITA Index summary'!$T$22,"Indeterminate",'Cq and Delta Cq'!C26<'VITA Index summary'!$T$16,2^('Cq and Delta Cq'!I26)/2,'Cq and Delta Cq'!D26<'VITA Index summary'!$T$22,2^('Cq and Delta Cq'!I26)/2),"Indeterminate")} -> N/A | E29: =$O$8 -> 1.57 | F29: =IF(OR(AND('Cq and Delta Cq'!F26>'VITA Index summary'!$O$27,'Cq and Delta Cq'!F26<'VITA Index summary'!$O$28),AND('Cq and Delta Cq'!G26>'VITA Index summary'!$O$33,'Cq and Delta Cq'!G26<'VITA Index summary'!$O$34)),"NG detected", "NG not detected") -> NG detected | G29: {=IFERROR(_xlfn.IFS(F29="NG not detected","N/A",'Cq and Delta Cq'!F26>'VITA Index summary'!$T$28,"Indeterminate",'Cq and Delta Cq'!G26>'VITA Index summary'!$T$34,"Indeterminate",'Cq and Delta Cq'!F26<'VITA Index summary'!$T$28,2^('Cq and Delta Cq'!J26)/2,'Cq and Delta Cq'!G26<'VITA Index summary'!$T$34,2^('Cq and Delta Cq'!J26)/2),"Indeterminate")} -> Indeterminate | H29: =$O$7 -> 1.46 | I29: =IFERROR(IF(AND('VITA Index summary'!$O$39<'Cq and Delta Cq'!E26,'Cq and Delta Cq'!E26<'VITA Index summary'!$O$40),"EC VALID","EC INVALID"),"EC INVALID") -> EC VALID
A30: ='Cq and Delta Cq'!A27 -> C4 | B30: ='Cq and Delta Cq'!B27 -> OM3-003_60 min | C30: =IF(OR(AND('Cq and Delta Cq'!C27>'VITA Index summary'!$O$15,'Cq and Delta Cq'!C27<'VITA Index summary'!$O$16),AND('Cq and Delta Cq'!D27>'VITA Index summary'!$O$21,'Cq and Delta Cq'!D27<'VITA Index summary'!$O$22)),"CT detected", "CT not detected") -> CT not detected | D30: {=IFERROR(_xlfn.IFS(C30="CT not detected","N/A",'Cq and Delta Cq'!C27>'VITA Index summary'!$T$16,"Indeterminate",'Cq and Delta Cq'!D27>'VITA Index summary'!$T$22,"Indeterminate",'Cq and Delta Cq'!C27<'VITA Index summary'!$T$16,2^('Cq and Delta Cq'!I27)/2,'Cq and Delta Cq'!D27<'VITA Index summary'!$T$22,2^('Cq and Delta Cq'!I27)/2),"Indeterminate")} -> N/A | E30: =$O$8 -> 1.57 | F30: =IF(OR(AND('Cq and Delta Cq'!F27>'VITA Index summary'!$O$27,'Cq and Delta Cq'!F27<'VITA Index summary'!$O$28),AND('Cq and Delta Cq'!G27>'VITA Index summary'!$O$33,'Cq and Delta Cq'!G27<'VITA Index summary'!$O$34)),"NG detected", "NG not detected") -> NG detected | G30: {=IFERROR(_xlfn.IFS(F30="NG not detected","N/A",'Cq and Delta Cq'!F27>'VITA Index summary'!$T$28,"Indeterminate",'Cq and Delta Cq'!G27>'VITA Index summary'!$T$34,"Indeterminate",'Cq and Delta Cq'!F27<'VITA Index summary'!$T$28,2^('Cq and Delta Cq'!J27)/2,'Cq and Delta Cq'!G27<'VITA Index summary'!$T$34,2^('Cq and Delta Cq'!J27)/2),"Indeterminate")} -> Indeterminate | H30: =$O$7 -> 1.46 | I30: =IFERROR(IF(AND('VITA Index summary'!$O$39<'Cq and Delta Cq'!E27,'Cq and Delta Cq'!E27<'VITA Index summary'!$O$40),"EC VALID","EC INVALID"),"EC INVALID") -> EC VALID
A31: ='Cq and Delta Cq'!A28 -> C5 | B31: ='Cq and Delta Cq'!B28 -> OM3-003_120 min | C31: =IF(OR(AND('Cq and Delta Cq'!C28>'VITA Index summary'!$O$15,'Cq and Delta Cq'!C28<'VITA Index summary'!$O$16),AND('Cq and Delta Cq'!D28>'VITA Index summary'!$O$21,'Cq and Delta Cq'!D28<'VITA Index summary'!$O$22)),"CT detected", "CT not detected") -> CT not detected | D31: {=IFERROR(_xlfn.IFS(C31="CT not detected","N/A",'Cq and Delta Cq'!C28>'VITA Index summary'!$T$16,"Indeterminate",'Cq and Delta Cq'!D28>'VITA Index summary'!$T$22,"Indeterminate",'Cq and Delta Cq'!C28<'VITA Index summary'!$T$16,2^('Cq and Delta Cq'!I28)/2,'Cq and Delta Cq'!D28<'VITA Index summary'!$T$22,2^('Cq and Delta Cq'!I28)/2),"Indeterminate")} -> N/A | E31: =$O$8 -> 1.57 | F31: =IF(OR(AND('Cq and Delta Cq'!F28>'VITA Index summary'!$O$27,'Cq and Delta Cq'!F28<'VITA Index summary'!$O$28),AND('Cq and Delta Cq'!G28>'VITA Index summary'!$O$33,'Cq and Delta Cq'!G28<'VITA Index summary'!$O$34)),"NG detected", "NG not detected") -> NG detected | G31: {=IFERROR(_xlfn.IFS(F31="NG not detected","N/A",'Cq and Delta Cq'!F28>'VITA Index summary'!$T$28,"Indeterminate",'Cq and Delta Cq'!G28>'VITA Index summary'!$T$34,"Indeterminate",'Cq and Delta Cq'!F28<'VITA Index summary'!$T$28,2^('Cq and Delta Cq'!J28)/2,'Cq and Delta Cq'!G28<'VITA Index summary'!$T$34,2^('Cq and Delta Cq'!J28)/2),"Indeterminate")} -> Indeterminate | H31: =$O$7 -> 1.46 | I31: =IFERROR(IF(AND('VITA Index summary'!$O$39<'Cq and Delta Cq'!E28,'Cq and Delta Cq'!E28<'VITA Index summary'!$O$40),"EC VALID","EC INVALID"),"EC INVALID") -> EC VALID
A32: ='Cq and Delta Cq'!A29 -> C6 | B32: ='Cq and Delta Cq'!B29 -> OM3-011_0 min | C32: =IF(OR(AND('Cq and Delta Cq'!C29>'VITA Index summary'!$O$15,'Cq and Delta Cq'!C29<'VITA Index summary'!$O$16),AND('Cq and Delta Cq'!D29>'VITA Index summary'!$O$21,'Cq and Delta Cq'!D29<'VITA Index summary'!$O$22)),"CT detected", "CT not detected") -> CT not detected | D32: {=IFERROR(_xlfn.IFS(C32="CT not detected","N/A",'Cq and Delta Cq'!C29>'VITA Index summary'!$T$16,"Indeterminate",'Cq and Delta Cq'!D29>'VITA Index summary'!$T$22,"Indeterminate",'Cq and Delta Cq'!C29<'VITA Index summary'!$T$16,2^('Cq and Delta Cq'!I29)/2,'Cq and Delta Cq'!D29<'VITA Index summary'!$T$22,2^('Cq and Delta Cq'!I29)/2),"Indeterminate")} -> N/A | E32: =$O$8 -> 1.57 | F32: =IF(OR(AND('Cq and Delta Cq'!F29>'VITA Index summary'!$O$27,'Cq and Delta Cq'!F29<'VITA Index summary'!$O$28),AND('Cq and Delta Cq'!G29>'VITA Index summary'!$O$33,'Cq and Delta Cq'!G29<'VITA Index summary'!$O$34)),"NG detected", "NG not detected") -> NG detected | G32: {=IFERROR(_xlfn.IFS(F32="NG not detected","N/A",'Cq and Delta Cq'!F29>'VITA Index summary'!$T$28,"Indeterminate",'Cq and Delta Cq'!G29>'VITA Index summary'!$T$34,"Indeterminate",'Cq and Delta Cq'!F29<'VITA Index summary'!$T$28,2^('Cq and Delta Cq'!J29)/2,'Cq and Delta Cq'!G29<'VITA Index summary'!$T$34,2^('Cq and Delta Cq'!J29)/2),"Indeterminate")} -> 4.9508608 | H32: =$O$7 -> 1.46 | I32: =IFERROR(IF(AND('VITA Index summary'!$O$39<'Cq and Delta Cq'!E29,'Cq and Delta Cq'!E29<'VITA Index summary'!$O$40),"EC VALID","EC INVALID"),"EC INVALID") -> EC VALID | N32: NG NED cut-offs (Detection) | S32: NG NED cut-offs (Viability)
A33: ='Cq and Delta Cq'!A30 -> C7 | B33: ='Cq and Delta Cq'!B30 -> OM3-011_5 min | C33: =IF(OR(AND('Cq and Delta Cq'!C30>'VITA Index summary'!$O$15,'Cq and Delta Cq'!C30<'VITA Index summary'!$O$16),AND('Cq and Delta Cq'!D30>'VITA Index summary'!$O$21,'Cq and Delta Cq'!D30<'VITA Index summary'!$O$22)),"CT detected", "CT not detected") -> CT not detected | D33: {=IFERROR(_xlfn.IFS(C33="CT not detected","N/A",'Cq and Delta Cq'!C30>'VITA Index summary'!$T$16,"Indeterminate",'Cq and Delta Cq'!D30>'VITA Index summary'!$T$22,"Indeterminate",'Cq and Delta Cq'!C30<'VITA Index summary'!$T$16,2^('Cq and Delta Cq'!I30)/2,'Cq and Delta Cq'!D30<'VITA Index summary'!$T$22,2^('Cq and Delta Cq'!I30)/2),"Indeterminate")} -> N/A | E33: =$O$8 -> 1.57 | F33: =IF(OR(AND('Cq and Delta Cq'!F30>'VITA Index summary'!$O$27,'Cq and Delta Cq'!F30<'VITA Index summary'!$O$28),AND('Cq and Delta Cq'!G30>'VITA Index summary'!$O$33,'Cq and Delta Cq'!G30<'VITA Index summary'!$O$34)),"NG detected", "NG not detected") -> NG detected | G33: {=IFERROR(_xlfn.IFS(F33="NG not detected","N/A",'Cq and Delta Cq'!F30>'VITA Index summary'!$T$28,"Indeterminate",'Cq and Delta Cq'!G30>'VITA Index summary'!$T$34,"Indeterminate",'Cq and Delta Cq'!F30<'VITA Index summary'!$T$28,2^('Cq and Delta Cq'!J30)/2,'Cq and Delta Cq'!G30<'VITA Index summary'!$T$34,2^('Cq and Delta Cq'!J30)/2),"Indeterminate")} -> 2.2368529 | H33: =$O$7 -> 1.46 | I33: =IFERROR(IF(AND('VITA Index summary'!$O$39<'Cq and Delta Cq'!E30,'Cq and Delta Cq'!E30<'VITA Index summary'!$O$40),"EC VALID","EC INVALID"),"EC INVALID") -> EC VALID | N33: < | O33: 0 | S33: < | T33: 0
A34: ='Cq and Delta Cq'!A31 -> C8 | B34: ='Cq and Delta Cq'!B31 -> OM3-011_30 min | C34: =IF(OR(AND('Cq and Delta Cq'!C31>'VITA Index summary'!$O$15,'Cq and Delta Cq'!C31<'VITA Index summary'!$O$16),AND('Cq and Delta Cq'!D31>'VITA Index summary'!$O$21,'Cq and Delta Cq'!D31<'VITA Index summary'!$O$22)),"CT detected", "CT not detected") -> CT not detected | D34: {=IFERROR(_xlfn.IFS(C34="CT not detected","N/A",'Cq and Delta Cq'!C31>'VITA Index summary'!$T$16,"Indeterminate",'Cq and Delta Cq'!D31>'VITA Index summary'!$T$22,"Indeterminate",'Cq and Delta Cq'!C31<'VITA Index summary'!$T$16,2^('Cq and Delta Cq'!I31)/2,'Cq and Delta Cq'!D31<'VITA Index summary'!$T$22,2^('Cq and Delta Cq'!I31)/2),"Indeterminate")} -> N/A | E34: =$O$8 -> 1.57 | F34: =IF(OR(AND('Cq and Delta Cq'!F31>'VITA Index summary'!$O$27,'Cq and Delta Cq'!F31<'VITA Index summary'!$O$28),AND('Cq and Delta Cq'!G31>'VITA Index summary'!$O$33,'Cq and Delta Cq'!G31<'VITA Index summary'!$O$34)),"NG detected", "NG not detected") -> NG detected | G34: {=IFERROR(_xlfn.IFS(F34="NG not detected","N/A",'Cq and Delta Cq'!F31>'VITA Index summary'!$T$28,"Indeterminate",'Cq and Delta Cq'!G31>'VITA Index summary'!$T$34,"Indeterminate",'Cq and Delta Cq'!F31<'VITA Index summary'!$T$28,2^('Cq and Delta Cq'!J31)/2,'Cq and Delta Cq'!G31<'VITA Index summary'!$T$34,2^('Cq and Delta Cq'!J31)/2),"Indeterminate")} -> 5.2048199 | H34: =$O$7 -> 1.46 | I34: =IFERROR(IF(AND('VITA Index summary'!$O$39<'Cq and Delta Cq'!E31,'Cq and Delta Cq'!E31<'VITA Index summary'!$O$40),"EC VALID","EC INVALID"),"EC INVALID") -> EC VALID | N34: > | O34: =39.4-5 -> 34.4 | S34: > | T34: =37-5 -> 32
A35: ='Cq and Delta Cq'!A32 -> C9 | B35: ='Cq and Delta Cq'!B32 -> OM3-011_60 min | C35: =IF(OR(AND('Cq and Delta Cq'!C32>'VITA Index summary'!$O$15,'Cq and Delta Cq'!C32<'VITA Index summary'!$O$16),AND('Cq and Delta Cq'!D32>'VITA Index summary'!$O$21,'Cq and Delta Cq'!D32<'VITA Index summary'!$O$22)),"CT detected", "CT not detected") -> CT not detected | D35: {=IFERROR(_xlfn.IFS(C35="CT not detected","N/A",'Cq and Delta Cq'!C32>'VITA Index summary'!$T$16,"Indeterminate",'Cq and Delta Cq'!D32>'VITA Index summary'!$T$22,"Indeterminate",'Cq and Delta Cq'!C32<'VITA Index summary'!$T$16,2^('Cq and Delta Cq'!I32)/2,'Cq and Delta Cq'!D32<'VITA Index summary'!$T$22,2^('Cq and Delta Cq'!I32)/2),"Indeterminate")} -> N/A | E35: =$O$8 -> 1.57 | F35: =IF(OR(AND('Cq and Delta Cq'!F32>'VITA Index summary'!$O$27,'Cq and Delta Cq'!F32<'VITA Index summary'!$O$28),AND('Cq and Delta Cq'!G32>'VITA Index summary'!$O$33,'Cq and Delta Cq'!G32<'VITA Index summary'!$O$34)),"NG detected", "NG not detected") -> NG detected | G35: {=IFERROR(_xlfn.IFS(F35="NG not detected","N/A",'Cq and Delta Cq'!F32>'VITA Index summary'!$T$28,"Indeterminate",'Cq and Delta Cq'!G32>'VITA Index summary'!$T$34,"Indeterminate",'Cq and Delta Cq'!F32<'VITA Index summary'!$T$28,2^('Cq and Delta Cq'!J32)/2,'Cq and Delta Cq'!G32<'VITA Index summary'!$T$34,2^('Cq and Delta Cq'!J32)/2),"Indeterminate")} -> Indeterminate | H35: =$O$7 -> 1.46 | I35: =IFERROR(IF(AND('VITA Index summary'!$O$39<'Cq and Delta Cq'!E32,'Cq and Delta Cq'!E32<'VITA Index summary'!$O$40),"EC VALID","EC INVALID"),"EC INVALID") -> EC VALID
A36: ='Cq and Delta Cq'!A33 -> C10 | B36: ='Cq and Delta Cq'!B33 -> OM3-011_120 min | C36: =IF(OR(AND('Cq and Delta Cq'!C33>'VITA Index summary'!$O$15,'Cq and Delta Cq'!C33<'VITA Index summary'!$O$16),AND('Cq and Delta Cq'!D33>'VITA Index summary'!$O$21,'Cq and Delta Cq'!D33<'VITA Index summary'!$O$22)),"CT detected", "CT not detected") -> CT not detected | D36: {=IFERROR(_xlfn.IFS(C36="CT not detected","N/A",'Cq and Delta Cq'!C33>'VITA Index summary'!$T$16,"Indeterminate",'Cq and Delta Cq'!D33>'VITA Index summary'!$T$22,"Indeterminate",'Cq and Delta Cq'!C33<'VITA Index summary'!$T$16,2^('Cq and Delta Cq'!I33)/2,'Cq and Delta Cq'!D33<'VITA Index summary'!$T$22,2^('Cq and Delta Cq'!I33)/2),"Indeterminate")} -> N/A | E36: =$O$8 -> 1.57 | F36: =IF(OR(AND('Cq and Delta Cq'!F33>'VITA Index summary'!$O$27,'Cq and Delta Cq'!F33<'VITA Index summary'!$O$28),AND('Cq and Delta Cq'!G33>'VITA Index summary'!$O$33,'Cq and Delta Cq'!G33<'VITA Index summary'!$O$34)),"NG detected", "NG not detected") -> NG detected | G36: {=IFERROR(_xlfn.IFS(F36="NG not detected","N/A",'Cq and Delta Cq'!F33>'VITA Index summary'!$T$28,"Indeterminate",'Cq and Delta Cq'!G33>'VITA Index summary'!$T$34,"Indeterminate",'Cq and Delta Cq'!F33<'VITA Index summary'!$T$28,2^('Cq and Delta Cq'!J33)/2,'Cq and Delta Cq'!G33<'VITA Index summary'!$T$34,2^('Cq and Delta Cq'!J33)/2),"Indeterminate")} -> Indeterminate | H36: =$O$7 -> 1.46 | I36: =IFERROR(IF(AND('VITA Index summary'!$O$39<'Cq and Delta Cq'!E33,'Cq and Delta Cq'!E33<'VITA Index summary'!$O$40),"EC VALID","EC INVALID"),"EC INVALID") -> EC VALID
A37: ='Cq and Delta Cq'!A34 -> C12 | B37: ='Cq and Delta Cq'!B34 -> CT/NG gblock | C37: =IF(OR(AND('Cq and Delta Cq'!C34>'VITA Index summary'!$O$15,'Cq and Delta Cq'!C34<'VITA Index summary'!$O$16),AND('Cq and Delta Cq'!D34>'VITA Index summary'!$O$21,'Cq and Delta Cq'!D34<'VITA Index summary'!$O$22)),"CT detected", "CT not detected") -> CT detected | D37: {=IFERROR(_xlfn.IFS(C37="CT not detected","N/A",'Cq and Delta Cq'!C34>'VITA Index summary'!$T$16,"Indeterminate",'Cq and Delta Cq'!D34>'VITA Index summary'!$T$22,"Indeterminate",'Cq and Delta Cq'!C34<'VITA Index summary'!$T$16,2^('Cq and Delta Cq'!I34)/2,'Cq and Delta Cq'!D34<'VITA Index summary'!$T$22,2^('Cq and Delta Cq'!I34)/2),"Indeterminate")} -> 0.92995032 | E37: =$O$8 -> 1.57 | F37: =IF(OR(AND('Cq and Delta Cq'!F34>'VITA Index summary'!$O$27,'Cq and Delta Cq'!F34<'VITA Index summary'!$O$28),AND('Cq and Delta Cq'!G34>'VITA Index summary'!$O$33,'Cq and Delta Cq'!G34<'VITA Index summary'!$O$34)),"NG detected", "NG not detected") -> NG detected | G37: {=IFERROR(_xlfn.IFS(F37="NG not detected","N/A",'Cq and Delta Cq'!F34>'VITA Index summary'!$T$28,"Indeterminate",'Cq and Delta Cq'!G34>'VITA Index summary'!$T$34,"Indeterminate",'Cq and Delta Cq'!F34<'VITA Index summary'!$T$28,2^('Cq and Delta Cq'!J34)/2,'Cq and Delta Cq'!G34<'VITA Index summary'!$T$34,2^('Cq and Delta Cq'!J34)/2),"Indeterminate")} -> 1.1419371 | H37: =$O$7 -> 1.46 | I37: =IFERROR(IF(AND('VITA Index summary'!$O$39<'Cq and Delta Cq'!E34,'Cq and Delta Cq'!E34<'VITA Index summary'!$O$40),"EC VALID","EC INVALID"),"EC INVALID") -> EC INVALID
A38: ='Cq and Delta Cq'!A35 -> D1 | B38: ='Cq and Delta Cq'!B35 -> OM3-004_0 min | C38: =IF(OR(AND('Cq and Delta Cq'!C35>'VITA Index summary'!$O$15,'Cq and Delta Cq'!C35<'VITA Index summary'!$O$16),AND('Cq and Delta Cq'!D35>'VITA Index summary'!$O$21,'Cq and Delta Cq'!D35<'VITA Index summary'!$O$22)),"CT detected", "CT not detected") -> CT not detected | D38: {=IFERROR(_xlfn.IFS(C38="CT not detected","N/A",'Cq and Delta Cq'!C35>'VITA Index summary'!$T$16,"Indeterminate",'Cq and Delta Cq'!D35>'VITA Index summary'!$T$22,"Indeterminate",'Cq and Delta Cq'!C35<'VITA Index summary'!$T$16,2^('Cq and Delta Cq'!I35)/2,'Cq and Delta Cq'!D35<'VITA Index summary'!$T$22,2^('Cq and Delta Cq'!I35)/2),"Indeterminate")} -> N/A | E38: =$O$8 -> 1.57 | F38: =IF(OR(AND('Cq and Delta Cq'!F35>'VITA Index summary'!$O$27,'Cq and Delta Cq'!F35<'VITA Index summary'!$O$28),AND('Cq and Delta Cq'!G35>'VITA Index summary'!$O$33,'Cq and Delta Cq'!G35<'VITA Index summary'!$O$34)),"NG detected", "NG not detected") -> NG detected | G38: {=IFERROR(_xlfn.IFS(F38="NG not detected","N/A",'Cq and Delta Cq'!F35>'VITA Index summary'!$T$28,"Indeterminate",'Cq and Delta Cq'!G35>'VITA Index summary'!$T$34,"Indeterminate",'Cq and Delta Cq'!F35<'VITA Index summary'!$T$28,2^('Cq and Delta Cq'!J35)/2,'Cq and Delta Cq'!G35<'VITA Index summary'!$T$34,2^('Cq and Delta Cq'!J35)/2),"Indeterminate")} -> 1.8791942 | H38: =$O$7 -> 1.46 | I38: =IFERROR(IF(AND('VITA Index summary'!$O$39<'Cq and Delta Cq'!E35,'Cq and Delta Cq'!E35<'VITA Index summary'!$O$40),"EC VALID","EC INVALID"),"EC INVALID") -> EC VALID | N38: Endogenous Control cut-offs
A39: ='Cq and Delta Cq'!A36 -> D2 | B39: ='Cq and Delta Cq'!B36 -> OM3-004_5 min | C39: =IF(OR(AND('Cq and Delta Cq'!C36>'VITA Index summary'!$O$15,'Cq and Delta Cq'!C36<'VITA Index summary'!$O$16),AND('Cq and Delta Cq'!D36>'VITA Index summary'!$O$21,'Cq and Delta Cq'!D36<'VITA Index summary'!$O$22)),"CT detected", "CT not detected") -> CT not detected | D39: {=IFERROR(_xlfn.IFS(C39="CT not detected","N/A",'Cq and Delta Cq'!C36>'VITA Index summary'!$T$16,"Indeterminate",'Cq and Delta Cq'!D36>'VITA Index summary'!$T$22,"Indeterminate",'Cq and Delta Cq'!C36<'VITA Index summary'!$T$16,2^('Cq and Delta Cq'!I36)/2,'Cq and Delta Cq'!D36<'VITA Index summary'!$T$22,2^('Cq and Delta Cq'!I36)/2),"Indeterminate")} -> N/A | E39: =$O$8 -> 1.57 | F39: =IF(OR(AND('Cq and Delta Cq'!F36>'VITA Index summary'!$O$27,'Cq and Delta Cq'!F36<'VITA Index summary'!$O$28),AND('Cq and Delta Cq'!G36>'VITA Index summary'!$O$33,'Cq and Delta Cq'!G36<'VITA Index summary'!$O$34)),"NG detected", "NG not detected") -> NG detected | G39: {=IFERROR(_xlfn.IFS(F39="NG not detected","N/A",'Cq and Delta Cq'!F36>'VITA Index summary'!$T$28,"Indeterminate",'Cq and Delta Cq'!G36>'VITA Index summary'!$T$34,"Indeterminate",'Cq and Delta Cq'!F36<'VITA Index summary'!$T$28,2^('Cq and Delta Cq'!J36)/2,'Cq and Delta Cq'!G36<'VITA Index summary'!$T$34,2^('Cq and Delta Cq'!J36)/2),"Indeterminate")} -> 2.7737399 | H39: =$O$7 -> 1.46 | I39: =IFERROR(IF(AND('VITA Index summary'!$O$39<'Cq and Delta Cq'!E36,'Cq and Delta Cq'!E36<'VITA Index summary'!$O$40),"EC VALID","EC INVALID"),"EC INVALID") -> EC VALID | N39: < | O39: 0
A40: ='Cq and Delta Cq'!A37 -> D3 | B40: ='Cq and Delta Cq'!B37 -> OM3-004_30 min | C40: =IF(OR(AND('Cq and Delta Cq'!C37>'VITA Index summary'!$O$15,'Cq and Delta Cq'!C37<'VITA Index summary'!$O$16),AND('Cq and Delta Cq'!D37>'VITA Index summary'!$O$21,'Cq and Delta Cq'!D37<'VITA Index summary'!$O$22)),"CT detected", "CT not detected") -> CT not detected | D40: {=IFERROR(_xlfn.IFS(C40="CT not detected","N/A",'Cq and Delta Cq'!C37>'VITA Index summary'!$T$16,"Indeterminate",'Cq and Delta Cq'!D37>'VITA Index summary'!$T$22,"Indeterminate",'Cq and Delta Cq'!C37<'VITA Index summary'!$T$16,2^('Cq and Delta Cq'!I37)/2,'Cq and Delta Cq'!D37<'VITA Index summary'!$T$22,2^('Cq and Delta Cq'!I37)/2),"Indeterminate")} -> N/A | E40: =$O$8 -> 1.57 | F40: =IF(OR(AND('Cq and Delta Cq'!F37>'VITA Index summary'!$O$27,'Cq and Delta Cq'!F37<'VITA Index summary'!$O$28),AND('Cq and Delta Cq'!G37>'VITA Index summary'!$O$33,'Cq and Delta Cq'!G37<'VITA Index summary'!$O$34)),"NG detected", "NG not detected") -> NG detected | G40: {=IFERROR(_xlfn.IFS(F40="NG not detected","N/A",'Cq and Delta Cq'!F37>'VITA Index summary'!$T$28,"Indeterminate",'Cq and Delta Cq'!G37>'VITA Index summary'!$T$34,"Indeterminate",'Cq and Delta Cq'!F37<'VITA Index summary'!$T$28,2^('Cq and Delta Cq'!J37)/2,'Cq and Delta Cq'!G37<'VITA Index summary'!$T$34,2^('Cq and Delta Cq'!J37)/2),"Indeterminate")} -> 2.6331607 | H40: =$O$7 -> 1.46 | I40: =IFERROR(IF(AND('VITA Index summary'!$O$39<'Cq and Delta Cq'!E37,'Cq and Delta Cq'!E37<'VITA Index summary'!$O$40),"EC VALID","EC INVALID"),"EC INVALID") -> EC VALID | N40: > | O40: =39.5-5 -> 34.5
A41: ='Cq and Delta Cq'!A38 -> D4 | B41: ='Cq and Delta Cq'!B38 -> OM3-004_60 min | C41: =IF(OR(AND('Cq and Delta Cq'!C38>'VITA Index summary'!$O$15,'Cq and Delta Cq'!C38<'VITA Index summary'!$O$16),AND('Cq and Delta Cq'!D38>'VITA Index summary'!$O$21,'Cq and Delta Cq'!D38<'VITA Index summary'!$O$22)),"CT detected", "CT not detected") -> CT not detected | D41: {=IFERROR(_xlfn.IFS(C41="CT not detected","N/A",'Cq and Delta Cq'!C38>'VITA Index summary'!$T$16,"Indeterminate",'Cq and Delta Cq'!D38>'VITA Index summary'!$T$22,"Indeterminate",'Cq and Delta Cq'!C38<'VITA Index summary'!$T$16,2^('Cq and Delta Cq'!I38)/2,'Cq and Delta Cq'!D38<'VITA Index summary'!$T$22,2^('Cq and Delta Cq'!I38)/2),"Indeterminate")} -> N/A | E41: =$O$8 -> 1.57 | F41: =IF(OR(AND('Cq and Delta Cq'!F38>'VITA Index summary'!$O$27,'Cq and Delta Cq'!F38<'VITA Index summary'!$O$28),AND('Cq and Delta Cq'!G38>'VITA Index summary'!$O$33,'Cq and Delta Cq'!G38<'VITA Index summary'!$O$34)),"NG detected", "NG not detected") -> NG detected | G41: {=IFERROR(_xlfn.IFS(F41="NG not detected","N/A",'Cq and Delta Cq'!F38>'VITA Index summary'!$T$28,"Indeterminate",'Cq and Delta Cq'!G38>'VITA Index summary'!$T$34,"Indeterminate",'Cq and Delta Cq'!F38<'VITA Index summary'!$T$28,2^('Cq and Delta Cq'!J38)/2,'Cq and Delta Cq'!G38<'VITA Index summary'!$T$34,2^('Cq and Delta Cq'!J38)/2),"Indeterminate")} -> 2.0134598 | H41: =$O$7 -> 1.46 | I41: =IFERROR(IF(AND('VITA Index summary'!$O$39<'Cq and Delta Cq'!E38,'Cq and Delta Cq'!E38<'VITA Index summary'!$O$40),"EC VALID","EC INVALID"),"EC INVALID") -> EC VALID
A42: ='Cq and Delta Cq'!A39 -> D5 | B42: ='Cq and Delta Cq'!B39 -> OM3-004_120 min | C42: =IF(OR(AND('Cq and Delta Cq'!C39>'VITA Index summary'!$O$15,'Cq and Delta Cq'!C39<'VITA Index summary'!$O$16),AND('Cq and Delta Cq'!D39>'VITA Index summary'!$O$21,'Cq and Delta Cq'!D39<'VITA Index summary'!$O$22)),"CT detected", "CT not detected") -> CT not detected | D42: {=IFERROR(_xlfn.IFS(C42="CT not detected","N/A",'Cq and Delta Cq'!C39>'VITA Index summary'!$T$16,"Indeterminate",'Cq and Delta Cq'!D39>'VITA Index summary'!$T$22,"Indeterminate",'Cq and Delta Cq'!C39<'VITA Index summary'!$T$16,2^('Cq and Delta Cq'!I39)/2,'Cq and Delta Cq'!D39<'VITA Index summary'!$T$22,2^('Cq and Delta Cq'!I39)/2),"Indeterminate")} -> N/A | E42: =$O$8 -> 1.57 | F42: =IF(OR(AND('Cq and Delta Cq'!F39>'VITA Index summary'!$O$27,'Cq and Delta Cq'!F39<'VITA Index summary'!$O$28),AND('Cq and Delta Cq'!G39>'VITA Index summary'!$O$33,'Cq and Delta Cq'!G39<'VITA Index summary'!$O$34)),"NG detected", "NG not detected") -> NG detected | G42: {=IFERROR(_xlfn.IFS(F42="NG not detected","N/A",'Cq and Delta Cq'!F39>'VITA Index summary'!$T$28,"Indeterminate",'Cq and Delta Cq'!G39>'VITA Index summary'!$T$34,"Indeterminate",'Cq and Delta Cq'!F39<'VITA Index summary'!$T$28,2^('Cq and Delta Cq'!J39)/2,'Cq and Delta Cq'!G39<'VITA Index summary'!$T$34,2^('Cq and Delta Cq'!J39)/2),"Indeterminate")} -> 2.54573 | H42: =$O$7 -> 1.46 | I42: =IFERROR(IF(AND('VITA Index summary'!$O$39<'Cq and Delta Cq'!E39,'Cq and Delta Cq'!E39<'VITA Index summary'!$O$40),"EC VALID","EC INVALID"),"EC INVALID") -> EC VALID
A43: ='Cq and Delta Cq'!A40 -> D6 | B43: ='Cq and Delta Cq'!B40 -> OM3-012_0 min | C43: =IF(OR(AND('Cq and Delta Cq'!C40>'VITA Index summary'!$O$15,'Cq and Delta Cq'!C40<'VITA Index summary'!$O$16),AND('Cq and Delta Cq'!D40>'VITA Index summary'!$O$21,'Cq and Delta Cq'!D40<'VITA Index summary'!$O$22)),"CT detected", "CT not detected") -> CT not detected | D43: {=IFERROR(_xlfn.IFS(C43="CT not detected","N/A",'Cq and Delta Cq'!C40>'VITA Index summary'!$T$16,"Indeterminate",'Cq and Delta Cq'!D40>'VITA Index summary'!$T$22,"Indeterminate",'Cq and Delta Cq'!C40<'VITA Index summary'!$T$16,2^('Cq and Delta Cq'!I40)/2,'Cq and Delta Cq'!D40<'VITA Index summary'!$T$22,2^('Cq and Delta Cq'!I40)/2),"Indeterminate")} -> N/A | E43: =$O$8 -> 1.57 | F43: =IF(OR(AND('Cq and Delta Cq'!F40>'VITA Index summary'!$O$27,'Cq and Delta Cq'!F40<'VITA Index summary'!$O$28),AND('Cq and Delta Cq'!G40>'VITA Index summary'!$O$33,'Cq and Delta Cq'!G40<'VITA Index summary'!$O$34)),"NG detected", "NG not detected") -> NG detected | G43: {=IFERROR(_xlfn.IFS(F43="NG not detected","N/A",'Cq and Delta Cq'!F40>'VITA Index summary'!$T$28,"Indeterminate",'Cq and Delta Cq'!G40>'VITA Index summary'!$T$34,"Indeterminate",'Cq and Delta Cq'!F40<'VITA Index summary'!$T$28,2^('Cq and Delta Cq'!J40)/2,'Cq and Delta Cq'!G40<'VITA Index summary'!$T$34,2^('Cq and Delta Cq'!J40)/2),"Indeterminate")} -> Indeterminate | H43: =$O$7 -> 1.46 | I43: =IFERROR(IF(AND('VITA Index summary'!$O$39<'Cq and Delta Cq'!E40,'Cq and Delta Cq'!E40<'VITA Index summary'!$O$40),"EC VALID","EC INVALID"),"EC INVALID") -> EC VALID
A44: ='Cq and Delta Cq'!A41 -> D7 | B44: ='Cq and Delta Cq'!B41 -> OM3-012_5 min | C44: =IF(OR(AND('Cq and Delta Cq'!C41>'VITA Index summary'!$O$15,'Cq and Delta Cq'!C41<'VITA Index summary'!$O$16),AND('Cq and Delta Cq'!D41>'VITA Index summary'!$O$21,'Cq and Delta Cq'!D41<'VITA Index summary'!$O$22)),"CT detected", "CT not detected") -> CT not detected | D44: {=IFERROR(_xlfn.IFS(C44="CT not detected","N/A",'Cq and Delta Cq'!C41>'VITA Index summary'!$T$16,"Indeterminate",'Cq and Delta Cq'!D41>'VITA Index summary'!$T$22,"Indeterminate",'Cq and Delta Cq'!C41<'VITA Index summary'!$T$16,2^('Cq and Delta Cq'!I41)/2,'Cq and Delta Cq'!D41<'VITA Index summary'!$T$22,2^('Cq and Delta Cq'!I41)/2),"Indeterminate")} -> N/A | E44: =$O$8 -> 1.57 | F44: =IF(OR(AND('Cq and Delta Cq'!F41>'VITA Index summary'!$O$27,'Cq and Delta Cq'!F41<'VITA Index summary'!$O$28),AND('Cq and Delta Cq'!G41>'VITA Index summary'!$O$33,'Cq and Delta Cq'!G41<'VITA Index summary'!$O$34)),"NG detected", "NG not detected") -> NG detected | G44: {=IFERROR(_xlfn.IFS(F44="NG not detected","N/A",'Cq and Delta Cq'!F41>'VITA Index summary'!$T$28,"Indeterminate",'Cq and Delta Cq'!G41>'VITA Index summary'!$T$34,"Indeterminate",'Cq and Delta Cq'!F41<'VITA Index summary'!$T$28,2^('Cq and Delta Cq'!J41)/2,'Cq and Delta Cq'!G41<'VITA Index summary'!$T$34,2^('Cq and Delta Cq'!J41)/2),"Indeterminate")} -> Indeterminate | H44: =$O$7 -> 1.46 | I44: =IFERROR(IF(AND('VITA Index summary'!$O$39<'Cq and Delta Cq'!E41,'Cq and Delta Cq'!E41<'VITA Index summary'!$O$40),"EC VALID","EC INVALID"),"EC INVALID") -> EC VALID
A45: ='Cq and Delta Cq'!A42 -> D8 | B45: ='Cq and Delta Cq'!B42 -> OM3-012_30 min | C45: =IF(OR(AND('Cq and Delta Cq'!C42>'VITA Index summary'!$O$15,'Cq and Delta Cq'!C42<'VITA Index summary'!$O$16),AND('Cq and Delta Cq'!D42>'VITA Index summary'!$O$21,'Cq and Delta Cq'!D42<'VITA Index summary'!$O$22)),"CT detected", "CT not detected") -> CT not detected | D45: {=IFERROR(_xlfn.IFS(C45="CT not detected","N/A",'Cq and Delta Cq'!C42>'VITA Index summary'!$T$16,"Indeterminate",'Cq and Delta Cq'!D42>'VITA Index summary'!$T$22,"Indeterminate",'Cq and Delta Cq'!C42<'VITA Index summary'!$T$16,2^('Cq and Delta Cq'!I42)/2,'Cq and Delta Cq'!D42<'VITA Index summary'!$T$22,2^('Cq and Delta Cq'!I42)/2),"Indeterminate")} -> N/A | E45: =$O$8 -> 1.57 | F45: =IF(OR(AND('Cq and Delta Cq'!F42>'VITA Index summary'!$O$27,'Cq and Delta Cq'!F42<'VITA Index summary'!$O$28),AND('Cq and Delta Cq'!G42>'VITA Index summary'!$O$33,'Cq and Delta Cq'!G42<'VITA Index summary'!$O$34)),"NG detected", "NG not detected") -> NG detected | G45: {=IFERROR(_xlfn.IFS(F45="NG not detected","N/A",'Cq and Delta Cq'!F42>'VITA Index summary'!$T$28,"Indeterminate",'Cq and Delta Cq'!G42>'VITA Index summary'!$T$34,"Indeterminate",'Cq and Delta Cq'!F42<'VITA Index summary'!$T$28,2^('Cq and Delta Cq'!J42)/2,'Cq and Delta Cq'!G42<'VITA Index summary'!$T$34,2^('Cq and Delta Cq'!J42)/2),"Indeterminate")} -> 1.4888619 | H45: =$O$7 -> 1.46 | I45: =IFERROR(IF(AND('VITA Index summary'!$O$39<'Cq and Delta Cq'!E42,'Cq and Delta Cq'!E42<'VITA Index summary'!$O$40),"EC VALID","EC INVALID"),"EC INVALID") -> EC VALID
A46: ='Cq and Delta Cq'!A43 -> D9 | B46: ='Cq and Delta Cq'!B43 -> OM3-012_60 min | C46: =IF(OR(AND('Cq and Delta Cq'!C43>'VITA Index summary'!$O$15,'Cq and Delta Cq'!C43<'VITA Index summary'!$O$16),AND('Cq and Delta Cq'!D43>'VITA Index summary'!$O$21,'Cq and Delta Cq'!D43<'VITA Index summary'!$O$22)),"CT detected", "CT not detected") -> CT not detected | D46: {=IFERROR(_xlfn.IFS(C46="CT not detected","N/A",'Cq and Delta Cq'!C43>'VITA Index summary'!$T$16,"Indeterminate",'Cq and Delta Cq'!D43>'VITA Index summary'!$T$22,"Indeterminate",'Cq and Delta Cq'!C43<'VITA Index summary'!$T$16,2^('Cq and Delta Cq'!I43)/2,'Cq and Delta Cq'!D43<'VITA Index summary'!$T$22,2^('Cq and Delta Cq'!I43)/2),"Indeterminate")} -> N/A | E46: =$O$8 -> 1.57 | F46: =IF(OR(AND('Cq and Delta Cq'!F43>'VITA Index summary'!$O$27,'Cq and Delta Cq'!F43<'VITA Index summary'!$O$28),AND('Cq and Delta Cq'!G43>'VITA Index summary'!$O$33,'Cq and Delta Cq'!G43<'VITA Index summary'!$O$34)),"NG detected", "NG not detected") -> NG detected | G46: {=IFERROR(_xlfn.IFS(F46="NG not detected","N/A",'Cq and Delta Cq'!F43>'VITA Index summary'!$T$28,"Indeterminate",'Cq and Delta Cq'!G43>'VITA Index summary'!$T$34,"Indeterminate",'Cq and Delta Cq'!F43<'VITA Index summary'!$T$28,2^('Cq and Delta Cq'!J43)/2,'Cq and Delta Cq'!G43<'VITA Index summary'!$T$34,2^('Cq and Delta Cq'!J43)/2),"Indeterminate")} -> Indeterminate | H46: =$O$7 -> 1.46 | I46: =IFERROR(IF(AND('VITA Index summary'!$O$39<'Cq and Delta Cq'!E43,'Cq and Delta Cq'!E43<'VITA Index summary'!$O$40),"EC VALID","EC INVALID"),"EC INVALID") -> EC VALID
A47: ='Cq and Delta Cq'!A44 -> D10 | B47: ='Cq and Delta Cq'!B44 -> OM3-012_120 min | C47: =IF(OR(AND('Cq and Delta Cq'!C44>'VITA Index summary'!$O$15,'Cq and Delta Cq'!C44<'VITA Index summary'!$O$16),AND('Cq and Delta Cq'!D44>'VITA Index summary'!$O$21,'Cq and Delta Cq'!D44<'VITA Index summary'!$O$22)),"CT detected", "CT not detected") -> CT not detected | D47: {=IFERROR(_xlfn.IFS(C47="CT not detected","N/A",'Cq and Delta Cq'!C44>'VITA Index summary'!$T$16,"Indeterminate",'Cq and Delta Cq'!D44>'VITA Index summary'!$T$22,"Indeterminate",'Cq and Delta Cq'!C44<'VITA Index summary'!$T$16,2^('Cq and Delta Cq'!I44)/2,'Cq and Delta Cq'!D44<'VITA Index summary'!$T$22,2^('Cq and Delta Cq'!I44)/2),"Indeterminate")} -> N/A | E47: =$O$8 -> 1.57 | F47: =IF(OR(AND('Cq and Delta Cq'!F44>'VITA Index summary'!$O$27,'Cq and Delta Cq'!F44<'VITA Index summary'!$O$28),AND('Cq and Delta Cq'!G44>'VITA Index summary'!$O$33,'Cq and Delta Cq'!G44<'VITA Index summary'!$O$34)),"NG detected", "NG not detected") -> NG detected | G47: {=IFERROR(_xlfn.IFS(F47="NG not detected","N/A",'Cq and Delta Cq'!F44>'VITA Index summary'!$T$28,"Indeterminate",'Cq and Delta Cq'!G44>'VITA Index summary'!$T$34,"Indeterminate",'Cq and Delta Cq'!F44<'VITA Index summary'!$T$28,2^('Cq and Delta Cq'!J44)/2,'Cq and Delta Cq'!G44<'VITA Index summary'!$T$34,2^('Cq and Delta Cq'!J44)/2),"Indeterminate")} -> 2.9811025 | H47: =$O$7 -> 1.46 | I47: =IFERROR(IF(AND('VITA Index summary'!$O$39<'Cq and Delta Cq'!E44,'Cq and Delta Cq'!E44<'VITA Index summary'!$O$40),"EC VALID","EC INVALID"),"EC INVALID") -> EC VALID
A48: ='Cq and Delta Cq'!A45 -> E1 | B48: ='Cq and Delta Cq'!B45 -> OM3-005_0 min | C48: =IF(OR(AND('Cq and Delta Cq'!C45>'VITA Index summary'!$O$15,'Cq and Delta Cq'!C45<'VITA Index summary'!$O$16),AND('Cq and Delta Cq'!D45>'VITA Index summary'!$O$21,'Cq and Delta Cq'!D45<'VITA Index summary'!$O$22)),"CT detected", "CT not detected") -> CT not detected | D48: {=IFERROR(_xlfn.IFS(C48="CT not detected","N/A",'Cq and Delta Cq'!C45>'VITA Index summary'!$T$16,"Indeterminate",'Cq and Delta Cq'!D45>'VITA Index summary'!$T$22,"Indeterminate",'Cq and Delta Cq'!C45<'VITA Index summary'!$T$16,2^('Cq and Delta Cq'!I45)/2,'Cq and Delta Cq'!D45<'VITA Index summary'!$T$22,2^('Cq and Delta Cq'!I45)/2),"Indeterminate")} -> N/A | E48: =$O$8 -> 1.57 | F48: =IF(OR(AND('Cq and Delta Cq'!F45>'VITA Index summary'!$O$27,'Cq and Delta Cq'!F45<'VITA Index summary'!$O$28),AND('Cq and Delta Cq'!G45>'VITA Index summary'!$O$33,'Cq and Delta Cq'!G45<'VITA Index summary'!$O$34)),"NG detected", "NG not detected") -> NG detected | G48: {=IFERROR(_xlfn.IFS(F48="NG not detected","N/A",'Cq and Delta Cq'!F45>'VITA Index summary'!$T$28,"Indeterminate",'Cq and Delta Cq'!G45>'VITA Index summary'!$T$34,"Indeterminate",'Cq and Delta Cq'!F45<'VITA Index summary'!$T$28,2^('Cq and Delta Cq'!J45)/2,'Cq and Delta Cq'!G45<'VITA Index summary'!$T$34,2^('Cq and Delta Cq'!J45)/2),"Indeterminate")} -> 4.8380393 | H48: =$O$7 -> 1.46 | I48: =IFERROR(IF(AND('VITA Index summary'!$O$39<'Cq and Delta Cq'!E45,'Cq and Delta Cq'!E45<'VITA Index summary'!$O$40),"EC VALID","EC INVALID"),"EC INVALID") -> EC VALID
A49: ='Cq and Delta Cq'!A46 -> E2 | B49: ='Cq and Delta Cq'!B46 -> OM3-005_5 min | C49: =IF(OR(AND('Cq and Delta Cq'!C46>'VITA Index summary'!$O$15,'Cq and Delta Cq'!C46<'VITA Index summary'!$O$16),AND('Cq and Delta Cq'!D46>'VITA Index summary'!$O$21,'Cq and Delta Cq'!D46<'VITA Index summary'!$O$22)),"CT detected", "CT not detected") -> CT not detected | D49: {=IFERROR(_xlfn.IFS(C49="CT not detected","N/A",'Cq and Delta Cq'!C46>'VITA Index summary'!$T$16,"Indeterminate",'Cq and Delta Cq'!D46>'VITA Index summary'!$T$22,"Indeterminate",'Cq and Delta Cq'!C46<'VITA Index summary'!$T$16,2^('Cq and Delta Cq'!I46)/2,'Cq and Delta Cq'!D46<'VITA Index summary'!$T$22,2^('Cq and Delta Cq'!I46)/2),"Indeterminate")} -> N/A | E49: =$O$8 -> 1.57 | F49: =IF(OR(AND('Cq and Delta Cq'!F46>'VITA Index summary'!$O$27,'Cq and Delta Cq'!F46<'VITA Index summary'!$O$28),AND('Cq and Delta Cq'!G46>'VITA Index summary'!$O$33,'Cq and Delta Cq'!G46<'VITA Index summary'!$O$34)),"NG detected", "NG not detected") -> NG detected | G49: {=IFERROR(_xlfn.IFS(F49="NG not detected","N/A",'Cq and Delta Cq'!F46>'VITA Index summary'!$T$28,"Indeterminate",'Cq and Delta Cq'!G46>'VITA Index summary'!$T$34,"Indeterminate",'Cq and Delta Cq'!F46<'VITA Index summary'!$T$28,2^('Cq and Delta Cq'!J46)/2,'Cq and Delta Cq'!G46<'VITA Index summary'!$T$34,2^('Cq and Delta Cq'!J46)/2),"Indeterminate")} -> 2.9380592 | H49: =$O$7 -> 1.46 | I49: =IFERROR(IF(AND('VITA Index summary'!$O$39<'Cq and Delta Cq'!E46,'Cq and Delta Cq'!E46<'VITA Index summary'!$O$40),"EC VALID","EC INVALID"),"EC INVALID") -> EC VALID
A50: ='Cq and Delta Cq'!A47 -> E3 | B50: ='Cq and Delta Cq'!B47 -> OM3-005_30 min | C50: =IF(OR(AND('Cq and Delta Cq'!C47>'VITA Index summary'!$O$15,'Cq and Delta Cq'!C47<'VITA Index summary'!$O$16),AND('Cq and Delta Cq'!D47>'VITA Index summary'!$O$21,'Cq and Delta Cq'!D47<'VITA Index summary'!$O$22)),"CT detected", "CT not detected") -> CT not detected | D50: {=IFERROR(_xlfn.IFS(C50="CT not detected","N/A",'Cq and Delta Cq'!C47>'VITA Index summary'!$T$16,"Indeterminate",'Cq and Delta Cq'!D47>'VITA Index summary'!$T$22,"Indeterminate",'Cq and Delta Cq'!C47<'VITA Index summary'!$T$16,2^('Cq and Delta Cq'!I47)/2,'Cq and Delta Cq'!D47<'VITA Index summary'!$T$22,2^('Cq and Delta Cq'!I47)/2),"Indeterminate")} -> N/A | E50: =$O$8 -> 1.57 | F50: =IF(OR(AND('Cq and Delta Cq'!F47>'VITA Index summary'!$O$27,'Cq and Delta Cq'!F47<'VITA Index summary'!$O$28),AND('Cq and Delta Cq'!G47>'VITA Index summary'!$O$33,'Cq and Delta Cq'!G47<'VITA Index summary'!$O$34)),"NG detected", "NG not detected") -> NG detected | G50: {=IFERROR(_xlfn.IFS(F50="NG not detected","N/A",'Cq and Delta Cq'!F47>'VITA Index summary'!$T$28,"Indeterminate",'Cq and Delta Cq'!G47>'VITA Index summary'!$T$34,"Indeterminate",'Cq and Delta Cq'!F47<'VITA Index summary'!$T$28,2^('Cq and Delta Cq'!J47)/2,'Cq and Delta Cq'!G47<'VITA Index summary'!$T$34,2^('Cq and Delta Cq'!J47)/2),"Indeterminate")} -> 3.8382616 | H50: =$O$7 -> 1.46 | I50: =IFERROR(IF(AND('VITA Index summary'!$O$39<'Cq and Delta Cq'!E47,'Cq and Delta Cq'!E47<'VITA Index summary'!$O$40),"EC VALID","EC INVALID"),"EC INVALID") -> EC VALID
A51: ='Cq and Delta Cq'!A48 -> E4 | B51: ='Cq and Delta Cq'!B48 -> OM3-005_60 min | C51: =IF(OR(AND('Cq and Delta Cq'!C48>'VITA Index summary'!$O$15,'Cq and Delta Cq'!C48<'VITA Index summary'!$O$16),AND('Cq and Delta Cq'!D48>'VITA Index summary'!$O$21,'Cq and Delta Cq'!D48<'VITA Index summary'!$O$22)),"CT detected", "CT not detected") -> CT not detected | D51: {=IFERROR(_xlfn.IFS(C51="CT not detected","N/A",'Cq and Delta Cq'!C48>'VITA Index summary'!$T$16,"Indeterminate",'Cq and Delta Cq'!D48>'VITA Index summary'!$T$22,"Indeterminate",'Cq and Delta Cq'!C48<'VITA Index summary'!$T$16,2^('Cq and Delta Cq'!I48)/2,'Cq and Delta Cq'!D48<'VITA Index summary'!$T$22,2^('Cq and Delta Cq'!I48)/2),"Indeterminate")} -> N/A | E51: =$O$8 -> 1.57 | F51: =IF(OR(AND('Cq and Delta Cq'!F48>'VITA Index summary'!$O$27,'Cq and Delta Cq'!F48<'VITA Index summary'!$O$28),AND('Cq and Delta Cq'!G48>'VITA Index summary'!$O$33,'Cq and Delta Cq'!G48<'VITA Index summary'!$O$34)),"NG detected", "NG not detected") -> NG detected | G51: {=IFERROR(_xlfn.IFS(F51="NG not detected","N/A",'Cq and Delta Cq'!F48>'VITA Index summary'!$T$28,"Indeterminate",'Cq and Delta Cq'!G48>'VITA Index summary'!$T$34,"Indeterminate",'Cq and Delta Cq'!F48<'VITA Index summary'!$T$28,2^('Cq and Delta Cq'!J48)/2,'Cq and Delta Cq'!G48<'VITA Index summary'!$T$34,2^('Cq and Delta Cq'!J48)/2),"Indeterminate")} -> Indeterminate | H51: =$O$7 -> 1.46 | I51: =IFERROR(IF(AND('VITA Index summary'!$O$39<'Cq and Delta Cq'!E48,'Cq and Delta Cq'!E48<'VITA Index summary'!$O$40),"EC VALID","EC INVALID"),"EC INVALID") -> EC VALID
A52: ='Cq and Delta Cq'!A49 -> E5 | B52: ='Cq and Delta Cq'!B49 -> OM3-005_120 min | C52: =IF(OR(AND('Cq and Delta Cq'!C49>'VITA Index summary'!$O$15,'Cq and Delta Cq'!C49<'VITA Index summary'!$O$16),AND('Cq and Delta Cq'!D49>'VITA Index summary'!$O$21,'Cq and Delta Cq'!D49<'VITA Index summary'!$O$22)),"CT detected", "CT not detected") -> CT not detected | D52: {=IFERROR(_xlfn.IFS(C52="CT not detected","N/A",'Cq and Delta Cq'!C49>'VITA Index summary'!$T$16,"Indeterminate",'Cq and Delta Cq'!D49>'VITA Index summary'!$T$22,"Indeterminate",'Cq and Delta Cq'!C49<'VITA Index summary'!$T$16,2^('Cq and Delta Cq'!I49)/2,'Cq and Delta Cq'!D49<'VITA Index summary'!$T$22,2^('Cq and Delta Cq'!I49)/2),"Indeterminate")} -> N/A | E52: =$O$8 -> 1.57 | F52: =IF(OR(AND('Cq and Delta Cq'!F49>'VITA Index summary'!$O$27,'Cq and Delta Cq'!F49<'VITA Index summary'!$O$28),AND('Cq and Delta Cq'!G49>'VITA Index summary'!$O$33,'Cq and Delta Cq'!G49<'VITA Index summary'!$O$34)),"NG detected", "NG not detected") -> NG detected | G52: {=IFERROR(_xlfn.IFS(F52="NG not detected","N/A",'Cq and Delta Cq'!F49>'VITA Index summary'!$T$28,"Indeterminate",'Cq and Delta Cq'!G49>'VITA Index summary'!$T$34,"Indeterminate",'Cq and Delta Cq'!F49<'VITA Index summary'!$T$28,2^('Cq and Delta Cq'!J49)/2,'Cq and Delta Cq'!G49<'VITA Index summary'!$T$34,2^('Cq and Delta Cq'!J49)/2),"Indeterminate")} -> 3.0247186 | H52: =$O$7 -> 1.46 | I52: =IFERROR(IF(AND('VITA Index summary'!$O$39<'Cq and Delta Cq'!E49,'Cq and Delta Cq'!E49<'VITA Index summary'!$O$40),"EC VALID","EC INVALID"),"EC INVALID") -> EC VALID
... A100: ='Cq and Delta Cq'!A97 -> 0 | B100: ='Cq and Delta Cq'!B97 -> 0 | C100: =IF(OR(AND('Cq and Delta Cq'!C97>'VITA Index summary'!$O$15,'Cq and Delta Cq'!C97<'VITA Index summary'!$O$16),AND('Cq and Delta Cq'!D97>'VITA Index summary'!$O$21,'Cq and Delta Cq'!D97<'VITA Index summary'!$O$22)),"CT detected", "CT not detected") -> #N/A | D100: {=IFERROR(_xlfn.IFS(C100="CT not detected","N/A",'Cq and Delta Cq'!C97>'VITA Index summary'!$T$16,"Indeterminate",'Cq and Delta Cq'!D97>'VITA Index summary'!$T$22,"Indeterminate",'Cq and Delta Cq'!C97<'VITA Index summary'!$T$16,2^('Cq and Delta Cq'!I97)/2,'Cq and Delta Cq'!D97<'VITA Index summary'!$T$22,2^('Cq and Delta Cq'!I97)/2),"Indeterminate")} -> Indeterminate | E100: =$O$8 -> 1.57 | F100: =IF(OR(AND('Cq and Delta Cq'!F97>'VITA Index summary'!$O$27,'Cq and Delta Cq'!F97<'VITA Index summary'!$O$28),AND('Cq and Delta Cq'!G97>'VITA Index summary'!$O$33,'Cq and Delta Cq'!G97<'VITA Index summary'!$O$34)),"NG detected", "NG not detected") -> #N/A | G100: {=IFERROR(_xlfn.IFS(F100="NG not detected","N/A",'Cq and Delta Cq'!F97>'VITA Index summary'!$T$28,"Indeterminate",'Cq and Delta Cq'!G97>'VITA Index summary'!$T$34,"Indeterminate",'Cq and Delta Cq'!F97<'VITA Index summary'!$T$28,2^('Cq and Delta Cq'!J97)/2,'Cq and Delta Cq'!G97<'VITA Index summary'!$T$34,2^('Cq and Delta Cq'!J97)/2),"Indeterminate")} -> Indeterminate | H100: =$O$7 -> 1.46 | I100: =IFERROR(IF(AND('VITA Index summary'!$O$39<'Cq and Delta Cq'!E97,'Cq and Delta Cq'!E97<'VITA Index summary'!$O$40),"EC VALID","EC INVALID"),"EC INVALID") -> EC INVALID

Sheet Results Summary
E2: Reported results are presented in the Results Summary spreadsheet
E3: Sample status is indicated by the following:
E5: CT target detection is indicated as: | I5: CT not detected or CT detected
E6: NG target detection is indicated as: | I6: NG not detected or NG detected
E7: CT VITA Index is indicated as: | I7: =CONCATENATE("≤",'VITA Index summary'!$O$8," (non-viable) or >",'VITA Index summary'!$O$8," (viable)") -> ≤1.57 (non-viable) or >1.57 (viable)
E8: NG VITA Index is indicated as: | I8: =CONCATENATE("≤",'VITA Index summary'!$O$7," (non-viable) or >",'VITA Index summary'!$O$7," (viable)") -> ≤1.46 (non-viable) or >1.46 (viable)
E9: Endogenous control is indicated as: | I9: EC VALID or EC INVALID
C11: Result | D11: CT target | E11: CT VITA Index | F11: NG target | G11: NG VITA Index | H11: EC | I11: Sample Interpretation
C12: 1 | D12: CT not detected | E12: N/A | F12: NG not detected | G12: N/A | H12: EC INVALID | I12: Targets not detected and Endogenous control not valid repeat test/re-extract sample
C13: 2 | D13: CT not detected | E13: N/A | F13: NG not detected | G13: N/A | H13: EC VALID | I13: Targets not detected, Endogenous control Valid
C14: 3 | D14: CT detected | E14: Indeterminate | F14: NG detected | G14: Indeterminate | H14: EC INVALID | I14: Normalising gene not detected thus VITA Index Invalid AND Endogenous control not valid repeat test/re-extract sample
C15: 4 | D15: CT detected | E15: Indeterminate | F15: NG detected | G15: Indeterminate | H15: EC VALID | I15: Normalising gene not detected thus VITA Index Invalid, repeat test/re-extract sample
C16: 5 | D16: CT detected | E16: 32 | F16: NG detected | G16: 32 | H16: EC INVALID | I16: Endogenous control not valid repeat test/re-extract sample - VITA Index may be valid dependent on stringency of EC detection
C17: 6 | D17: CT detected | E17: 32 | F17: NG detected | G17: 32 | H17: EC VALID | I17: VITA Index Valid AND EC Valid
C19: NOTE: Amplification curves should be confirmed for all samples reporting a Valid VITA Index
D24: CT GAT | E24: CT NED | F24: EC | G24: NG GAT | H24: NG NED
B25: Position | C25: Sample Name | D25: Cq | E25: Cq | F25: Cq | G25: Cq | H25: Cq | J25: CT target | K25: CT VITA Index | L25: NG target | M25: NG VITA Index | N25: EC Validity | O25: Sample Interpretation for CT | P25: Sample Interpretation for NG
B26: ='VITA Index summary'!A5 -> A1 | C26: ='VITA Index summary'!B5 -> OM3-001_0 min | D26: =IFERROR(ROUND('Cq and Delta Cq'!C2,2),"N/A") -> N/A | E26: =IFERROR(ROUND('Cq and Delta Cq'!D2,2),"N/A") -> N/A | F26: =IFERROR(ROUND('Cq and Delta Cq'!E2,2),"N/A") -> 25.56 | G26: =IFERROR(ROUND('Cq and Delta Cq'!F2,2),"N/A") -> 29.15 | H26: =IFERROR(ROUND('Cq and Delta Cq'!G2,2),"N/A") -> 32.17 | J26: ='VITA Index summary'!C5 -> CT not detected | K26: =IF(AND('VITA Index summary'!C5="NG detected",'VITA Index summary'!D5="N/A"),"Indeterminate",IF(AND('VITA Index summary'!C5="NG detected",'VITA Index summary'!D5<0.2),"Indeterminate",'VITA Index summary'!D5)) -> N/A | L26: ='VITA Index summary'!F5 -> NG detected | M26: =IF(AND('VITA Index summary'!F5="NG detected",'VITA Index summary'!G5="N/A"),"Indeterminate",IF(AND('VITA Index summary'!F5="NG detected",'VITA Index summary'!G5<0.5),"Indeterminate",'VITA Index summary'!G5)) -> Indeterminate | N26: ='VITA Index summary'!I5 -> EC VALID | O26: {=CONCATENATE(_xlfn.IFS(N26="EC INVALID","Invalid EC, repeat test/re-extract sample",J26="CT not detected","CT not detected",K26="Indeterminate","CT detected, Indeterminate Viability",K26>'VITA Index summary'!$O$8,"CT detected, Viable",K26<0.2,"CT detected, Indeterminate Viability",K26<='VITA Index summary'!$O$8,"CT detected, Non-viable"))} -> CT not detected | P26: {=CONCATENATE(_xlfn.IFS(N26="EC INVALID","Invalid EC, repeat test/re-extract sample",L26="NG not detected","NG not detected",M26="Indeterminate", "NG detected, Indeterminate Viability", M26>'VITA Index summary'!$O$7,"NG detected, Viable",M26<0.5,"NG detected, Indeterminate Viability",M26<='VITA Index summary'!$O$7,"NG detected, Non-viable"))} -> NG detected, Indeterminate Viability
B27: ='VITA Index summary'!A6 -> A2 | C27: ='VITA Index summary'!B6 -> OM3-001_5 min | D27: =IFERROR(ROUND('Cq and Delta Cq'!C3,2),"N/A") -> N/A | E27: =IFERROR(ROUND('Cq and Delta Cq'!D3,2),"N/A") -> N/A | F27: =IFERROR(ROUND('Cq and Delta Cq'!E3,2),"N/A") -> 26.3 | G27: =IFERROR(ROUND('Cq and Delta Cq'!F3,2),"N/A") -> 29.2 | H27: =IFERROR(ROUND('Cq and Delta Cq'!G3,2),"N/A") -> 32.39 | J27: ='VITA Index summary'!C6 -> CT not detected | K27: =IF(AND('VITA Index summary'!C6="NG detected",'VITA Index summary'!D6="N/A"),"Indeterminate",IF(AND('VITA Index summary'!C6="NG detected",'VITA Index summary'!D6<0.2),"Indeterminate",'VITA Index summary'!D6)) -> N/A | L27: ='VITA Index summary'!F6 -> NG detected | M27: =IF(AND('VITA Index summary'!F6="NG detected",'VITA Index summary'!G6="N/A"),"Indeterminate",IF(AND('VITA Index summary'!F6="NG detected",'VITA Index summary'!G6<0.5),"Indeterminate",'VITA Index summary'!G6)) -> Indeterminate | N27: ='VITA Index summary'!I6 -> EC VALID | O27: {=CONCATENATE(_xlfn.IFS(N27="EC INVALID","Invalid EC, repeat test/re-extract sample",J27="CT not detected","CT not detected",K27="Indeterminate","CT detected, Indeterminate Viability",K27>'VITA Index summary'!$O$8,"CT detected, Viable",K27<0.2,"CT detected, Indeterminate Viability",K27<='VITA Index summary'!$O$8,"CT detected, Non-viable"))} -> CT not detected | P27: {=CONCATENATE(_xlfn.IFS(N27="EC INVALID","Invalid EC, repeat test/re-extract sample",L27="NG not detected","NG not detected",M27="Indeterminate", "NG detected, Indeterminate Viability", M27>'VITA Index summary'!$O$7,"NG detected, Viable",M27<0.5,"NG detected, Indeterminate Viability",M27<='VITA Index summary'!$O$7,"NG detected, Non-viable"))} -> NG detected, Indeterminate Viability
B28: ='VITA Index summary'!A7 -> A3 | C28: ='VITA Index summary'!B7 -> OM3-001_30 min | D28: =IFERROR(ROUND('Cq and Delta Cq'!C4,2),"N/A") -> N/A | E28: =IFERROR(ROUND('Cq and Delta Cq'!D4,2),"N/A") -> N/A | F28: =IFERROR(ROUND('Cq and Delta Cq'!E4,2),"N/A") -> 28.07 | G28: =IFERROR(ROUND('Cq and Delta Cq'!F4,2),"N/A") -> 30.56 | H28: =IFERROR(ROUND('Cq and Delta Cq'!G4,2),"N/A") -> 33.34 | J28: ='VITA Index summary'!C7 -> CT not detected | K28: =IF(AND('VITA Index summary'!C7="NG detected",'VITA Index summary'!D7="N/A"),"Indeterminate",IF(AND('VITA Index summary'!C7="NG detected",'VITA Index summary'!D7<0.2),"Indeterminate",'VITA Index summary'!D7)) -> N/A | L28: ='VITA Index summary'!F7 -> NG detected | M28: =IF(AND('VITA Index summary'!F7="NG detected",'VITA Index summary'!G7="N/A"),"Indeterminate",IF(AND('VITA Index summary'!F7="NG detected",'VITA Index summary'!G7<0.5),"Indeterminate",'VITA Index summary'!G7)) -> Indeterminate | N28: ='VITA Index summary'!I7 -> EC VALID | O28: {=CONCATENATE(_xlfn.IFS(N28="EC INVALID","Invalid EC, repeat test/re-extract sample",J28="CT not detected","CT not detected",K28="Indeterminate","CT detected, Indeterminate Viability",K28>'VITA Index summary'!$O$8,"CT detected, Viable",K28<0.2,"CT detected, Indeterminate Viability",K28<='VITA Index summary'!$O$8,"CT detected, Non-viable"))} -> CT not detected | P28: {=CONCATENATE(_xlfn.IFS(N28="EC INVALID","Invalid EC, repeat test/re-extract sample",L28="NG not detected","NG not detected",M28="Indeterminate", "NG detected, Indeterminate Viability", M28>'VITA Index summary'!$O$7,"NG detected, Viable",M28<0.5,"NG detected, Indeterminate Viability",M28<='VITA Index summary'!$O$7,"NG detected, Non-viable"))} -> NG detected, Indeterminate Viability
B29: ='VITA Index summary'!A8 -> A4 | C29: ='VITA Index summary'!B8 -> OM3-001_60 min | D29: =IFERROR(ROUND('Cq and Delta Cq'!C5,2),"N/A") -> N/A | E29: =IFERROR(ROUND('Cq and Delta Cq'!D5,2),"N/A") -> N/A | F29: =IFERROR(ROUND('Cq and Delta Cq'!E5,2),"N/A") -> 26.33 | G29: =IFERROR(ROUND('Cq and Delta Cq'!F5,2),"N/A") -> 31.51 | H29: =IFERROR(ROUND('Cq and Delta Cq'!G5,2),"N/A") -> 34.72 | J29: ='VITA Index summary'!C8 -> CT not detected | K29: =IF(AND('VITA Index summary'!C8="NG detected",'VITA Index summary'!D8="N/A"),"Indeterminate",IF(AND('VITA Index summary'!C8="NG detected",'VITA Index summary'!D8<0.2),"Indeterminate",'VITA Index summary'!D8)) -> N/A | L29: ='VITA Index summary'!F8 -> NG detected | M29: =IF(AND('VITA Index summary'!F8="NG detected",'VITA Index summary'!G8="N/A"),"Indeterminate",IF(AND('VITA Index summary'!F8="NG detected",'VITA Index summary'!G8<0.5),"Indeterminate",'VITA Index summary'!G8)) -> Indeterminate | N29: ='VITA Index summary'!I8 -> EC VALID | O29: {=CONCATENATE(_xlfn.IFS(N29="EC INVALID","Invalid EC, repeat test/re-extract sample",J29="CT not detected","CT not detected",K29="Indeterminate","CT detected, Indeterminate Viability",K29>'VITA Index summary'!$O$8,"CT detected, Viable",K29<0.2,"CT detected, Indeterminate Viability",K29<='VITA Index summary'!$O$8,"CT detected, Non-viable"))} -> CT not detected | P29: {=CONCATENATE(_xlfn.IFS(N29="EC INVALID","Invalid EC, repeat test/re-extract sample",L29="NG not detected","NG not detected",M29="Indeterminate", "NG detected, Indeterminate Viability", M29>'VITA Index summary'!$O$7,"NG detected, Viable",M29<0.5,"NG detected, Indeterminate Viability",M29<='VITA Index summary'!$O$7,"NG detected, Non-viable"))} -> NG detected, Indeterminate Viability
B30: ='VITA Index summary'!A9 -> A5 | C30: ='VITA Index summary'!B9 -> OM3-001_120 min | D30: =IFERROR(ROUND('Cq and Delta Cq'!C6,2),"N/A") -> N/A | E30: =IFERROR(ROUND('Cq and Delta Cq'!D6,2),"N/A") -> N/A | F30: =IFERROR(ROUND('Cq and Delta Cq'!E6,2),"N/A") -> 27.05 | G30: =IFERROR(ROUND('Cq and Delta Cq'!F6,2),"N/A") -> 28.13 | H30: =IFERROR(ROUND('Cq and Delta Cq'!G6,2),"N/A") -> 31.21 | J30: ='VITA Index summary'!C9 -> CT not detected | K30: =IF(AND('VITA Index summary'!C9="NG detected",'VITA Index summary'!D9="N/A"),"Indeterminate",IF(AND('VITA Index summary'!C9="NG detected",'VITA Index summary'!D9<0.2),"Indeterminate",'VITA Index summary'!D9)) -> N/A | L30: ='VITA Index summary'!F9 -> NG detected | M30: =IF(AND('VITA Index summary'!F9="NG detected",'VITA Index summary'!G9="N/A"),"Indeterminate",IF(AND('VITA Index summary'!F9="NG detected",'VITA Index summary'!G9<0.5),"Indeterminate",'VITA Index summary'!G9)) -> 4.2128058 | N30: ='VITA Index summary'!I9 -> EC VALID | O30: {=CONCATENATE(_xlfn.IFS(N30="EC INVALID","Invalid EC, repeat test/re-extract sample",J30="CT not detected","CT not detected",K30="Indeterminate","CT detected, Indeterminate Viability",K30>'VITA Index summary'!$O$8,"CT detected, Viable",K30<0.2,"CT detected, Indeterminate Viability",K30<='VITA Index summary'!$O$8,"CT detected, Non-viable"))} -> CT not detected | P30: {=CONCATENATE(_xlfn.IFS(N30="EC INVALID","Invalid EC, repeat test/re-extract sample",L30="NG not detected","NG not detected",M30="Indeterminate", "NG detected, Indeterminate Viability", M30>'VITA Index summary'!$O$7,"NG detected, Viable",M30<0.5,"NG detected, Indeterminate Viability",M30<='VITA Index summary'!$O$7,"NG detected, Non-viable"))} -> NG detected, Viable
B31: ='VITA Index summary'!A10 -> A6 | C31: ='VITA Index summary'!B10 -> OM3-009_0 min | D31: =IFERROR(ROUND('Cq and Delta Cq'!C7,2),"N/A") -> N/A | E31: =IFERROR(ROUND('Cq and Delta Cq'!D7,2),"N/A") -> N/A | F31: =IFERROR(ROUND('Cq and Delta Cq'!E7,2),"N/A") -> 23.09 | G31: =IFERROR(ROUND('Cq and Delta Cq'!F7,2),"N/A") -> 38.62 | H31: =IFERROR(ROUND('Cq and Delta Cq'!G7,2),"N/A") -> 36.91 | J31: ='VITA Index summary'!C10 -> CT not detected | K31: =IF(AND('VITA Index summary'!C10="NG detected",'VITA Index summary'!D10="N/A"),"Indeterminate",IF(AND('VITA Index summary'!C10="NG detected",'VITA Index summary'!D10<0.2),"Indeterminate",'VITA Index summary'!D10)) -> N/A | L31: ='VITA Index summary'!F10 -> NG not detected | M31: =IF(AND('VITA Index summary'!F10="NG detected",'VITA Index summary'!G10="N/A"),"Indeterminate",IF(AND('VITA Index summary'!F10="NG detected",'VITA Index summary'!G10<0.5),"Indeterminate",'VITA Index summary'!G10)) -> N/A | N31: ='VITA Index summary'!I10 -> EC VALID | O31: {=CONCATENATE(_xlfn.IFS(N31="EC INVALID","Invalid EC, repeat test/re-extract sample",J31="CT not detected","CT not detected",K31="Indeterminate","CT detected, Indeterminate Viability",K31>'VITA Index summary'!$O$8,"CT detected, Viable",K31<0.2,"CT detected, Indeterminate Viability",K31<='VITA Index summary'!$O$8,"CT detected, Non-viable"))} -> CT not detected | P31: {=CONCATENATE(_xlfn.IFS(N31="EC INVALID","Invalid EC, repeat test/re-extract sample",L31="NG not detected","NG not detected",M31="Indeterminate", "NG detected, Indeterminate Viability", M31>'VITA Index summary'!$O$7,"NG detected, Viable",M31<0.5,"NG detected, Indeterminate Viability",M31<='VITA Index summary'!$O$7,"NG detected, Non-viable"))} -> NG not detected
B32: ='VITA Index summary'!A11 -> A7 | C32: ='VITA Index summary'!B11 -> OM3-009_5 min | D32: =IFERROR(ROUND('Cq and Delta Cq'!C8,2),"N/A") -> N/A | E32: =IFERROR(ROUND('Cq and Delta Cq'!D8,2),"N/A") -> N/A | F32: =IFERROR(ROUND('Cq and Delta Cq'!E8,2),"N/A") -> 25.28 | G32: =IFERROR(ROUND('Cq and Delta Cq'!F8,2),"N/A") -> 38.39 | H32: =IFERROR(ROUND('Cq and Delta Cq'!G8,2),"N/A") -> 40.16 | J32: ='VITA Index summary'!C11 -> CT not detected | K32: =IF(AND('VITA Index summary'!C11="NG detected",'VITA Index summary'!D11="N/A"),"Indeterminate",IF(AND('VITA Index summary'!C11="NG detected",'VITA Index summary'!D11<0.2),"Indeterminate",'VITA Index summary'!D11)) -> N/A | L32: ='VITA Index summary'!F11 -> NG not detected | M32: =IF(AND('VITA Index summary'!F11="NG detected",'VITA Index summary'!G11="N/A"),"Indeterminate",IF(AND('VITA Index summary'!F11="NG detected",'VITA Index summary'!G11<0.5),"Indeterminate",'VITA Index summary'!G11)) -> N/A | N32: ='VITA Index summary'!I11 -> EC VALID | O32: {=CONCATENATE(_xlfn.IFS(N32="EC INVALID","Invalid EC, repeat test/re-extract sample",J32="CT not detected","CT not detected",K32="Indeterminate","CT detected, Indeterminate Viability",K32>'VITA Index summary'!$O$8,"CT detected, Viable",K32<0.2,"CT detected, Indeterminate Viability",K32<='VITA Index summary'!$O$8,"CT detected, Non-viable"))} -> CT not detected | P32: {=CONCATENATE(_xlfn.IFS(N32="EC INVALID","Invalid EC, repeat test/re-extract sample",L32="NG not detected","NG not detected",M32="Indeterminate", "NG detected, Indeterminate Viability", M32>'VITA Index summary'!$O$7,"NG detected, Viable",M32<0.5,"NG detected, Indeterminate Viability",M32<='VITA Index summary'!$O$7,"NG detected, Non-viable"))} -> NG not detected
